spelling,merged into,same skill? (y / n / ?)
Qualitative Research,Qualitative research,
Bash Scripting,Bash scripting,
Requirement gathering,Requirements Gathering,
IT Fundamentals,IT fundamentals,
Log analysis,Log Analysis,
R Programming,R,
Systems Analysis,System Analysis,
Design patterns,Design Patterns,
Network testing,Network Testing,
Android development,Android Development,
GitHub version control,GitHub Version Control,
Service desk operations,Service Desk Operations,
Facility Management,Facilities Management,
HTML/CSS Development,HTML/CSS,
Product development,Product Development,
Algorithm design,Algorithm Design,
Linux administration,Linux Administration,
CI/CD Pipeline,CI/CD Pipelines,
ITIL framework,ITIL Framework,
Web Services Development,Web Services,
Vendor coordination,Vendor Coordination,
Message queues,Message Queues,
Infrastructure documentation,Infrastructure Documentation,
Risk management,Risk Management,
Engineering Principles,Engineering fundamentals,
SQL queries,SQL Queries,
Microsoft Dynamics 365 F&O,Microsoft Dynamics 365FO,
Metrics reporting,Metrics Reporting,
Third-party API integration,Third-party API Integration,
Wireless networking,Wireless Networking,
On-call support,On-call Support,
Event-driven Architecture,Event-driven architecture,
Network optimization,Network Optimization,
On-site Support,Onsite Support,
SQL development,SQL,
Jenkins Pipelines,Jenkins pipelines,
Performance testing,Performance Testing,
E-commerce Management,E‑commerce management,
TestNG Framework,TestNG,
Network engineering,Network Engineering,
