date,kind,sample,version,skills,unsupported,precision,recall,quotes
2026-10-04,project,Hotel Booking System,old,Java; Jakarta EE; JSF; EJB; JPA; GlassFish; Java DB; Docker; REST API,Docker; REST API,0.78,1.00,
2026-10-04,project,Hotel Booking System,new,Java; Jakarta EE; JSF; EJB; JPA; GlassFish; Java DB,,1.00,1.00,"Java: built with Jakarta EE (JSF, EJB, JPA) on GlassFish; Jakarta EE: built with Jakarta EE (JSF, EJB, JPA); JSF: Jakarta EE (JSF, EJB, JPA); EJB: Jakarta EE (JSF, EJB, JPA); JPA: Jakarta EE (JSF, EJB, JPA); GlassFish: on GlassFish with a Java DB database; Java DB: with a Java DB database"
2026-10-04,project,Smart Evacuation App,old,Kotlin; Android SDK; Android Studio; Gradle; Firebase Realtime Database; Firebase Cloud Messaging; Google Maps API; Google Play Services; Jetpack Navigation; Room Persistence Library,Gradle; Google Play Services; Jetpack Navigation; Room Persistence Library,0.60,1.00,
2026-10-04,project,Smart Evacuation App,new,Kotlin; Android; Firebase; Google Maps; Push notifications,Push notifications,0.80,1.00,Kotlin: Android app in Kotlin; Android: Android app; Firebase: Uses Firebase for real-time alerts; Google Maps: Google Maps for indoor routes; Push notifications: notify users with push notifications
2026-10-04,project,Student Grade Predictor,old,Python; scikit-learn; pandas; random forest; Matplotlib; Jupyter Notebook,,1.00,0.86,
2026-10-04,project,Student Grade Predictor,new,Python; scikit-learn; pandas; random forest; Matplotlib; Jupyter notebook,,1.00,0.86,Python: in Python; scikit-learn: scikit-learn; pandas: pandas; random forest: random forest model; Matplotlib: Matplotlib; Jupyter notebook: Jupyter notebook
2026-10-04,project,Personal Portfolio Website,old,HTML; CSS; JavaScript; GitHub Pages; React; Git,React; Git,0.67,1.00,
2026-10-04,project,Personal Portfolio Website,new,HTML; CSS; JavaScript; GitHub Pages,,1.00,1.00,HTML: made with HTML; CSS: made with ... CSS; JavaScript: a bit of JavaScript; GitHub Pages: hosted on GitHub Pages
2026-10-04,project,Library Inventory,old,C#; .NET; Windows Forms; SQL Server; Entity Framework; Crystal Reports; ADO.NET,C#; .NET; Windows Forms; SQL Server; Entity Framework; Crystal Reports; ADO.NET,0.00,1.00,
2026-10-04,project,Library Inventory,new,,,1.00,1.00,
2026-10-04,project,Network Lab Setup,old,Cisco Packet Tracer; Cisco IOS; VLAN; OSPF; ACL; Ping; Traceroute; Cisco routers; Cisco switches,Ping; Traceroute,0.78,0.71,
2026-10-04,project,Network Lab Setup,new,VLAN configuration; OSPF routing; Access Control Lists (ACLs); Cisco routers; Cisco switches; Packet Tracer; ping; traceroute,Access Control Lists (ACLs); ping; traceroute,0.62,0.71,VLAN configuration: Configured VLANs; OSPF routing: OSPF routing; Access Control Lists (ACLs): ACLs; Cisco routers: Cisco routers; Cisco switches: Cisco ... switches; Packet Tracer: Packet Tracer; ping: tested connectivity with ping; traceroute: tested connectivity with ... traceroute
2026-10-04,certificate,AWS Certified Cloud Practitioner,old,AWS; Cloud Fundamentals; AWS Billing & Cost Management; AWS Identity and Access Management (IAM); Amazon EC2; Amazon S3; Amazon VPC; Amazon RDS; AWS CloudWatch; AWS Well-Architected Framework,,,,
2026-10-04,certificate,AWS Certified Cloud Practitioner,new,AWS Cloud Concepts; AWS Global Infrastructure; AWS Core Services (EC2; S3; RDS; Lambda); AWS Security; Identity; and Compliance (IAM; KMS),,,,
2026-10-04,certificate,CCNA,old,"Network Fundamentals; Routing Protocols (OSPF, EIGRP); Switching Technologies; LAN/WAN Design; Cisco IOS Configuration; Network Security Basics; IP Addressing and Subnetting; Wireless LAN (WLAN); Network Automation (Python, REST APIs); Troubleshooting and Monitoring",,,,
2026-10-04,certificate,CCNA,new,Network Fundamentals; IP Addressing and Subnetting; Routing Protocols (OSPF; EIGRP; RIP); Switching and VLAN Configuration; Network Security Fundamentals; IPv6 Fundamentals; Network Automation and Programmability (Python; REST APIs),,,,
2026-10-04,certificate,Google IT Support Professional Certificate,old,"Troubleshooting; Operating Systems (Windows, Linux); System Administration; Networking Fundamentals; Security Best Practices; Command-Line Interface (CLI); Hardware Diagnostics; Customer Service & Support; IT Documentation; Basic Scripting",,,,
2026-10-04,certificate,Google IT Support Professional Certificate,new,Troubleshooting and Customer Service; Operating System Fundamentals (Windows; Linux); Command Line Interface (CLI) and Bash Scripting; Networking Basics (TCP/IP; DNS; DHCP); System Administration (User Management; Permissions); Security Fundamentals (Malware,,,,
2026-10-04,certificate,Tech Explorer Bootcamp Completion,old,HTML; CSS; JavaScript; Git; Responsive Design; Bootstrap; Node.js; REST APIs; SQL; Agile Methodology,,,,
2026-10-04,certificate,Tech Explorer Bootcamp Completion,new,,,,,
