id,a,b,cosine,band,band_population,job_source,label_claude,label_gpt_oss,label_qwen,label3_unanimous,label3_majority,cosine_pred,model_pred,p_satisfies,p_related,p_not
1,Statistical analysis,Research Analysis,0.663,0.65-0.75,784,2024,RELATED,NARROWER,NARROWER,,SATISFIES,RELATED,RELATED,0.284,0.648,0.068
2,System testing,Software Testing,0.808,0.75-0.85,255,2024+live,NARROWER,NARROWER,NARROWER,SATISFIES,SATISFIES,SATISFIES,RELATED,0.208,0.742,0.05
3,big data storage,Storage Management,0.667,0.65-0.75,784,2024+live,RELATED,NARROWER,NARROWER,,SATISFIES,RELATED,RELATED,0.271,0.672,0.057
4,analytical thinking,Analytical reasoning,0.75,0.65-0.75,784,2024,SAME,SAME,SAME,SATISFIES,SATISFIES,SATISFIES,SATISFIES,0.46,0.255,0.286
5,CSS styling,HTML5/CSS,0.692,0.65-0.75,784,2024,RELATED,BROADER,NARROWER,,RELATED,RELATED,RELATED,0.276,0.667,0.056
6,microservices architecture,Service Oriented Architecture,0.708,0.65-0.75,784,2024,RELATED,NARROWER,RELATED,,RELATED,SATISFIES,RELATED,0.232,0.718,0.05
7,Infrastructure as code,Infrastructure Provisioning,0.686,0.65-0.75,784,2024,NARROWER,NARROWER,NARROWER,SATISFIES,SATISFIES,RELATED,RELATED,0.198,0.75,0.052
8,MVC architecture,MVC Web Applications,0.821,0.75-0.85,255,2024,BROADER,BROADER,NARROWER,,RELATED,SATISFIES,RELATED,0.425,0.478,0.096
9,problem solving,Creative Problem Solving,0.724,0.65-0.75,784,2024,BROADER,BROADER,BROADER,RELATED,RELATED,SATISFIES,RELATED,0.283,0.644,0.072
10,algorithmic analysis,Problem analysis,0.583,0.55-0.65,2292,2024,RELATED,NARROWER,RELATED,,RELATED,NOT,RELATED,0.329,0.596,0.075
11,Software architecture design,Integration Architecture Design,0.725,0.65-0.75,784,2024,BROADER,BROADER,RELATED,RELATED,RELATED,SATISFIES,RELATED,0.146,0.785,0.068
12,Test-driven development,Behavioural Driven Development,0.621,0.55-0.65,2292,2024,RELATED,RELATED,RELATED,RELATED,RELATED,RELATED,RELATED,0.17,0.752,0.078
13,relational database implementation,Relational database design,0.871,0.85+,69,2024+live,RELATED,RELATED,RELATED,RELATED,RELATED,SATISFIES,RELATED,0.257,0.69,0.053
14,Continuous integration,Integration troubleshooting,0.577,0.55-0.65,2292,2024,DIFFERENT,RELATED,RELATED,,RELATED,NOT,RELATED,0.183,0.763,0.054
15,IP addressing,IDS/IPS Solutions,0.561,0.55-0.65,2292,2024,DIFFERENT,DIFFERENT,DIFFERENT,NOT,NOT,NOT,RELATED,0.345,0.595,0.059
16,thread safety assessment,Strategic Analysis,0.138,<0.55,1463272,2024,DIFFERENT,DIFFERENT,DIFFERENT,NOT,NOT,NOT,NOT,0.181,0.087,0.732
17,embedded computing,Embedded applications,0.788,0.75-0.85,255,2024,RELATED,SAME,NARROWER,,SATISFIES,SATISFIES,NOT,0.34,0.295,0.365
18,distributed databases,Database Management,0.684,0.65-0.75,784,2024+live,RELATED,NARROWER,NARROWER,,SATISFIES,RELATED,RELATED,0.375,0.552,0.072
19,requirements gathering,Requirements Specification,0.76,0.75-0.85,255,2024,RELATED,BROADER,RELATED,RELATED,RELATED,SATISFIES,RELATED,0.177,0.772,0.051
20,Communication,Business Communication,0.792,0.75-0.85,255,2024,BROADER,BROADER,BROADER,RELATED,RELATED,SATISFIES,RELATED,0.267,0.663,0.07
21,Enterprise Java development,ERP development,0.55,0.55-0.65,2292,2024,DIFFERENT,RELATED,RELATED,,RELATED,NOT,NOT,0.144,0.176,0.68
22,enterprise application architecture,Application Management,0.66,0.65-0.75,784,2024,RELATED,RELATED,RELATED,RELATED,RELATED,RELATED,NOT,0.203,0.281,0.515
23,Software project management,Project Lifecycle Management,0.688,0.65-0.75,784,2024,NARROWER,NARROWER,SAME,SATISFIES,SATISFIES,RELATED,NOT,0.136,0.219,0.646
24,TCP/IP protocol basics,TCP/IP Networking,0.776,0.75-0.85,255,2024+live,NARROWER,SAME,NARROWER,SATISFIES,SATISFIES,SATISFIES,RELATED,0.215,0.737,0.048
25,cloud security,Cloud Security Architecture,0.863,0.85+,69,2024,BROADER,BROADER,NARROWER,,RELATED,SATISFIES,RELATED,0.226,0.725,0.049
26,software development,Programming Development,0.847,0.75-0.85,255,live,SAME,SAME,SAME,SATISFIES,SATISFIES,SATISFIES,RELATED,0.211,0.731,0.058
27,CI/CD pipelines,CI/CD Automation,0.706,0.65-0.75,784,live,SAME,SAME,SAME,SATISFIES,SATISFIES,SATISFIES,RELATED,0.185,0.755,0.059
28,microservices architecture,Microservices,0.894,0.85+,69,2024+live,NARROWER,NARROWER,SAME,SATISFIES,SATISFIES,SATISFIES,RELATED,0.226,0.727,0.047
29,assembly language basics,NFT integration,0.105,<0.55,1463272,2024,DIFFERENT,DIFFERENT,DIFFERENT,NOT,NOT,NOT,NOT,0.245,0.052,0.704
30,Terraform provisioning,Opencart Development,0.082,<0.55,1463272,2024,DIFFERENT,DIFFERENT,DIFFERENT,NOT,NOT,NOT,NOT,0.158,0.069,0.773
31,mathematical optimisation,Optimization Techniques,0.742,0.65-0.75,784,live,NARROWER,NARROWER,SAME,SATISFIES,SATISFIES,SATISFIES,RELATED,0.242,0.693,0.065
32,Data persistence,Data Lifecycle Management,0.666,0.65-0.75,784,live,RELATED,NARROWER,RELATED,,RELATED,RELATED,NOT,0.302,0.235,0.463
33,intelligent agents,Artificial Intelligence,0.672,0.65-0.75,784,2024,RELATED,NARROWER,NARROWER,,SATISFIES,RELATED,RELATED,0.391,0.53,0.08
34,project scheduling,Job Scheduling,0.672,0.65-0.75,784,2024,DIFFERENT,RELATED,DIFFERENT,,NOT,RELATED,RELATED,0.188,0.763,0.049
35,Design pattern application,System design patterns,0.786,0.75-0.85,255,2024,RELATED,NARROWER,SAME,,SATISFIES,SATISFIES,RELATED,0.211,0.739,0.05
36,Network troubleshooting,Network Hardware Troubleshooting,0.872,0.85+,69,2024,BROADER,RELATED,BROADER,RELATED,RELATED,SATISFIES,RELATED,0.163,0.787,0.05
37,entity-relationship modelling,Relationship Management,0.557,0.55-0.65,2292,2024,DIFFERENT,DIFFERENT,DIFFERENT,NOT,NOT,NOT,RELATED,0.305,0.637,0.059
38,middleware integration,Multi-Vendor Integration,0.579,0.55-0.65,2292,2024,RELATED,RELATED,RELATED,RELATED,RELATED,NOT,NOT,0.182,0.07,0.748
39,team leadership,Global Team Leadership,0.812,0.75-0.85,255,2024,BROADER,BROADER,NARROWER,,RELATED,SATISFIES,RELATED,0.237,0.709,0.054
40,Infrastructure as code,Infrastructure Architecture,0.704,0.65-0.75,784,2024,RELATED,RELATED,RELATED,RELATED,RELATED,SATISFIES,RELATED,0.22,0.727,0.052
41,logical reasoning,Service integration,0.129,<0.55,1463272,2024,DIFFERENT,BROADER,DIFFERENT,,NOT,NOT,NOT,0.195,0.067,0.737
42,Requirements validation,Database validation,0.618,0.55-0.65,2292,2024,DIFFERENT,RELATED,DIFFERENT,,NOT,RELATED,RELATED,0.211,0.706,0.082
43,hardware-software integration,Hardware Support,0.654,0.65-0.75,784,2024,RELATED,RELATED,DIFFERENT,,RELATED,RELATED,RELATED,0.188,0.575,0.238
44,experimental investigation,ESB Development,0.092,<0.55,1463272,2024,DIFFERENT,DIFFERENT,DIFFERENT,NOT,NOT,NOT,SATISFIES,0.501,0.159,0.34
45,risk management,Business Risk Management,0.867,0.85+,69,2024,BROADER,BROADER,NARROWER,,RELATED,SATISFIES,RELATED,0.272,0.668,0.06
46,big data storage,Enterprise Storage,0.625,0.55-0.65,2292,2024+live,RELATED,NARROWER,RELATED,,RELATED,RELATED,RELATED,0.269,0.674,0.056
47,Lean startup,Lean manufacturing,0.723,0.65-0.75,784,2024+live,DIFFERENT,RELATED,DIFFERENT,,NOT,SATISFIES,RELATED,0.202,0.742,0.056
48,Continuous quality improvement,Continuous Improvement,0.804,0.75-0.85,255,2024+live,NARROWER,NARROWER,SAME,SATISFIES,SATISFIES,SATISFIES,RELATED,0.181,0.761,0.058
49,Leadership skills,Interview Skills,0.583,0.55-0.65,2292,2024,DIFFERENT,RELATED,DIFFERENT,,NOT,NOT,RELATED,0.268,0.503,0.228
50,Searching techniques,Search Evaluation,0.688,0.65-0.75,784,2024,DIFFERENT,RELATED,DIFFERENT,,NOT,RELATED,RELATED,0.232,0.718,0.05
51,project scheduling,Project Implementation,0.692,0.65-0.75,784,2024,RELATED,RELATED,RELATED,RELATED,RELATED,RELATED,RELATED,0.197,0.753,0.049
52,Design pattern application,Architectural Design Patterns,0.79,0.75-0.85,255,2024,RELATED,BROADER,SAME,,RELATED,SATISFIES,RELATED,0.219,0.73,0.051
53,system-level programming,System design patterns,0.553,0.55-0.65,2292,2024,DIFFERENT,DIFFERENT,DIFFERENT,NOT,NOT,NOT,RELATED,0.173,0.737,0.091
54,Lifecycle management,User Lifecycle Management,0.846,0.75-0.85,255,2024,DIFFERENT,BROADER,BROADER,,RELATED,SATISFIES,RELATED,0.156,0.777,0.067
55,software design,Solution Design,0.66,0.65-0.75,784,2024+live,RELATED,BROADER,SAME,,RELATED,RELATED,RELATED,0.194,0.745,0.061
56,Teamwork,Team Management,0.716,0.65-0.75,784,2024,RELATED,BROADER,BROADER,RELATED,RELATED,SATISFIES,RELATED,0.349,0.58,0.071
57,microservices deployment,Java microservices,0.683,0.65-0.75,784,live,RELATED,BROADER,BROADER,RELATED,RELATED,RELATED,RELATED,0.179,0.768,0.052
58,System testing,Machine Testing,0.781,0.75-0.85,255,2024,DIFFERENT,RELATED,DIFFERENT,,NOT,SATISFIES,RELATED,0.221,0.727,0.051
59,concurrent data structures,Infor LN,0.13,<0.55,1463272,2024,DIFFERENT,DIFFERENT,DIFFERENT,NOT,NOT,NOT,SATISFIES,0.587,0.072,0.341
60,Network topology identification,Network Performance Analysis,0.596,0.55-0.65,2292,2024,RELATED,RELATED,DIFFERENT,,RELATED,NOT,RELATED,0.218,0.706,0.076
61,Design pattern implementation,Architectural Design Patterns,0.79,0.75-0.85,255,2024,RELATED,BROADER,SAME,,RELATED,SATISFIES,RELATED,0.205,0.745,0.05
62,Sorting techniques,Blazor Web Framework,0.024,<0.55,1463272,2024,DIFFERENT,DIFFERENT,DIFFERENT,NOT,NOT,NOT,NOT,0.244,0.063,0.693
63,Responsive design,Responsive Web Design,0.894,0.85+,69,2024,SAME,SAME,SAME,SATISFIES,SATISFIES,SATISFIES,RELATED,0.227,0.72,0.053
64,project management,Infrastructure Project Management,0.762,0.75-0.85,255,2024,BROADER,BROADER,BROADER,RELATED,RELATED,SATISFIES,RELATED,0.209,0.712,0.079
65,embedded computing,Embedded OS,0.671,0.65-0.75,784,2024,BROADER,BROADER,BROADER,RELATED,RELATED,RELATED,RELATED,0.332,0.533,0.135
66,Functional requirements definition,Functional Requirements,0.901,0.85+,69,2024,SAME,NARROWER,SAME,SATISFIES,SATISFIES,SATISFIES,RELATED,0.358,0.523,0.119
67,Teamwork,Cross-team collaboration,0.616,0.55-0.65,2292,2024,RELATED,BROADER,BROADER,RELATED,RELATED,RELATED,RELATED,0.309,0.628,0.063
68,IP addressing,IP Architecture,0.798,0.75-0.85,255,2024,RELATED,BROADER,BROADER,RELATED,RELATED,SATISFIES,RELATED,0.266,0.684,0.05
69,Terraform provisioning,Terraform Automation,0.762,0.75-0.85,255,2024,SAME,NARROWER,SAME,SATISFIES,SATISFIES,SATISFIES,RELATED,0.165,0.786,0.049
70,Multithreading,Multi-threaded Programming,0.755,0.75-0.85,255,2024,SAME,SAME,SAME,SATISFIES,SATISFIES,SATISFIES,RELATED,0.212,0.737,0.051
71,REST API integration,Third-party API Integration,0.699,0.65-0.75,784,2024,NARROWER,NARROWER,NARROWER,SATISFIES,SATISFIES,RELATED,RELATED,0.229,0.7,0.071
72,design thinking,Industrial Design,0.553,0.55-0.65,2292,2024,DIFFERENT,BROADER,RELATED,,RELATED,NOT,RELATED,0.187,0.725,0.088
73,software evaluation,Program Evaluation,0.855,0.85+,69,2024,DIFFERENT,NARROWER,RELATED,,,SATISFIES,RELATED,0.168,0.778,0.055
74,requirements gathering,Business Requirements Gathering,0.825,0.75-0.85,255,2024+live,SAME,BROADER,NARROWER,,SATISFIES,SATISFIES,RELATED,0.171,0.776,0.053
75,knowledge representation,Knowledge Management,0.6,0.55-0.65,2292,2024,DIFFERENT,NARROWER,RELATED,,,RELATED,SATISFIES,0.449,0.415,0.136
76,synchronisation,Asynchronous communication,0.585,0.55-0.65,2292,live,RELATED,RELATED,DIFFERENT,,RELATED,NOT,RELATED,0.302,0.41,0.288
77,software development lifecycle,System Development,0.577,0.55-0.65,2292,2024,RELATED,NARROWER,SAME,,SATISFIES,NOT,RELATED,0.152,0.785,0.063
78,software project planning,Project planning,0.839,0.75-0.85,255,2024+live,NARROWER,NARROWER,NARROWER,SATISFIES,SATISFIES,SATISFIES,RELATED,0.151,0.74,0.11
79,Java programming,Java 11,0.711,0.65-0.75,784,2024,SAME,BROADER,BROADER,,RELATED,SATISFIES,RELATED,0.27,0.652,0.078
80,UI design,UI Development,0.791,0.75-0.85,255,2024,RELATED,RELATED,RELATED,RELATED,RELATED,SATISFIES,RELATED,0.213,0.728,0.059
81,Advanced Java programming,Java Compute,0.66,0.65-0.75,784,2024,RELATED,NARROWER,NARROWER,,SATISFIES,RELATED,NOT,0.345,0.173,0.482
82,project estimation,Project planning,0.766,0.75-0.85,255,2024+live,RELATED,NARROWER,NARROWER,,SATISFIES,SATISFIES,RELATED,0.218,0.723,0.06
83,software development lifecycle,Software Development Optimization,0.638,0.55-0.65,2292,2024,RELATED,BROADER,RELATED,RELATED,RELATED,RELATED,RELATED,0.154,0.784,0.062
84,transaction management,High Transaction Processing,0.66,0.65-0.75,784,2024,RELATED,BROADER,RELATED,RELATED,RELATED,RELATED,RELATED,0.224,0.719,0.058
85,software evaluation,Technical Evaluation,0.746,0.65-0.75,784,2024,RELATED,NARROWER,NARROWER,,SATISFIES,SATISFIES,RELATED,0.163,0.781,0.056
86,team leadership,IT team leadership,0.819,0.75-0.85,255,2024,BROADER,BROADER,BROADER,RELATED,RELATED,SATISFIES,RELATED,0.242,0.701,0.057
87,relational database implementation,Database Architecture,0.767,0.75-0.85,255,2024,RELATED,NARROWER,RELATED,,RELATED,SATISFIES,RELATED,0.288,0.657,0.055
88,Searching techniques,Semantic Search,0.655,0.65-0.75,784,live,DIFFERENT,BROADER,BROADER,,RELATED,RELATED,RELATED,0.302,0.641,0.057
89,Lifecycle management,System Lifecycle Management,0.86,0.85+,69,2024,RELATED,BROADER,BROADER,RELATED,RELATED,SATISFIES,RELATED,0.165,0.781,0.054
90,Integration testing,Component Integration Testing,0.745,0.65-0.75,784,2024,BROADER,BROADER,BROADER,RELATED,RELATED,SATISFIES,RELATED,0.166,0.786,0.049
91,layered architecture,Network Architecture Design,0.586,0.55-0.65,2292,2024,DIFFERENT,RELATED,RELATED,,RELATED,NOT,RELATED,0.248,0.703,0.049
92,Test-driven development,AI-driven testing,0.705,0.65-0.75,784,live,RELATED,RELATED,RELATED,RELATED,RELATED,SATISFIES,RELATED,0.164,0.782,0.054
93,database normalisation,Database fundamentals,0.593,0.55-0.65,2292,2024,NARROWER,NARROWER,NARROWER,SATISFIES,SATISFIES,NOT,SATISFIES,0.485,0.423,0.093
94,Front-end development,Front-end Build Tools,0.715,0.65-0.75,784,2024,BROADER,BROADER,BROADER,RELATED,RELATED,SATISFIES,RELATED,0.227,0.596,0.177
95,Business model development,Business Development,0.714,0.65-0.75,784,2024,DIFFERENT,NARROWER,RELATED,,,SATISFIES,RELATED,0.18,0.744,0.077
96,process management,Process Automation,0.753,0.75-0.85,255,2024+live,RELATED,BROADER,RELATED,RELATED,RELATED,SATISFIES,RELATED,0.157,0.791,0.051
97,Java programming,Java OOP,0.775,0.75-0.85,255,2024,SAME,NARROWER,BROADER,,SATISFIES,SATISFIES,SATISFIES,0.518,0.322,0.16
98,memory management,Resource Management,0.613,0.55-0.65,2292,2024,DIFFERENT,NARROWER,NARROWER,,SATISFIES,RELATED,NOT,0.429,0.121,0.45
99,Technology product validation,Product Knowledge,0.568,0.55-0.65,2292,2024,DIFFERENT,RELATED,RELATED,,RELATED,NOT,NOT,0.171,0.105,0.723
100,Distributed database design,Database Architecture,0.713,0.65-0.75,784,2024,RELATED,NARROWER,NARROWER,,SATISFIES,SATISFIES,RELATED,0.241,0.705,0.054
101,REST API integration,Web API Integration,0.815,0.75-0.85,255,2024,NARROWER,NARROWER,SAME,SATISFIES,SATISFIES,SATISFIES,RELATED,0.211,0.731,0.058
102,mathematical optimisation,Optimization Modeling,0.721,0.65-0.75,784,2024,SAME,BROADER,SAME,,SATISFIES,SATISFIES,RELATED,0.209,0.725,0.066
103,quantitative research,Epicor,0.087,<0.55,1463272,2024,DIFFERENT,DIFFERENT,DIFFERENT,NOT,NOT,NOT,NOT,0.434,0.068,0.498
104,Software quality metrics,Code Quality,0.633,0.55-0.65,2292,2024,RELATED,NARROWER,SAME,,SATISFIES,RELATED,RELATED,0.165,0.766,0.069
105,Lean startup,Lean Process,0.732,0.65-0.75,784,2024,RELATED,NARROWER,RELATED,,RELATED,SATISFIES,RELATED,0.206,0.743,0.051
106,academic writing,English Writing,0.731,0.65-0.75,784,2024,NARROWER,NARROWER,NARROWER,SATISFIES,SATISFIES,SATISFIES,RELATED,0.335,0.568,0.098
107,hardware-software integration,Hardware Integration,0.931,0.85+,69,2024,RELATED,NARROWER,NARROWER,,SATISFIES,SATISFIES,RELATED,0.152,0.741,0.108
108,HTML markup,HTML Coding,0.747,0.65-0.75,784,2024,SAME,SAME,SAME,SATISFIES,SATISFIES,SATISFIES,RELATED,0.249,0.696,0.056
109,Software quality metrics,Software Quality Assurance,0.778,0.75-0.85,255,2024,RELATED,NARROWER,NARROWER,,SATISFIES,SATISFIES,RELATED,0.179,0.769,0.052
110,basic object-oriented programming,Object-oriented PHP,0.673,0.65-0.75,784,2024,BROADER,BROADER,BROADER,RELATED,RELATED,RELATED,RELATED,0.248,0.691,0.061
111,Data cleaning,Data Integrity Management,0.616,0.55-0.65,2292,2024,RELATED,NARROWER,NARROWER,,SATISFIES,RELATED,RELATED,0.175,0.762,0.063
112,maintainable architecture design,Technical Architecture,0.623,0.55-0.65,2292,2024,RELATED,NARROWER,NARROWER,,SATISFIES,RELATED,RELATED,0.191,0.753,0.055
113,research design,Research Analysis,0.708,0.65-0.75,784,2024,RELATED,RELATED,RELATED,RELATED,RELATED,SATISFIES,RELATED,0.266,0.677,0.057
114,usability testing,System testing,0.608,0.55-0.65,2292,2024+live,RELATED,NARROWER,RELATED,,RELATED,RELATED,RELATED,0.185,0.765,0.05
115,MVC architecture,ASP.NET MVC,0.783,0.75-0.85,255,2024+live,BROADER,BROADER,BROADER,RELATED,RELATED,SATISFIES,RELATED,0.375,0.549,0.076
116,UI design,User Interface design,0.849,0.75-0.85,255,2024,SAME,SAME,SAME,SATISFIES,SATISFIES,SATISFIES,RELATED,0.263,0.661,0.076
117,DevOps practices,DevOps Strategy,0.892,0.85+,69,2024,RELATED,BROADER,NARROWER,,RELATED,SATISFIES,RELATED,0.169,0.783,0.048
118,Statistical analysis,Report Analysis,0.606,0.55-0.65,2292,2024,RELATED,RELATED,RELATED,RELATED,RELATED,RELATED,RELATED,0.228,0.713,0.059
119,scalable architecture design,Web Architecture,0.563,0.55-0.65,2292,2024,RELATED,NARROWER,RELATED,,RELATED,NOT,RELATED,0.201,0.75,0.049
120,graph theory,Graph Algorithms,0.786,0.75-0.85,255,live,RELATED,NARROWER,NARROWER,,SATISFIES,SATISFIES,RELATED,0.358,0.571,0.071
121,Distributed application design,Application modeling,0.619,0.55-0.65,2292,2024,RELATED,NARROWER,RELATED,,RELATED,RELATED,RELATED,0.172,0.441,0.387
122,NoSQL databases,SQL/NoSQL databases,0.925,0.85+,69,live,RELATED,NARROWER,NARROWER,,SATISFIES,SATISFIES,RELATED,0.237,0.714,0.049
123,OSI model fundamentals,Inventor,-0.01,<0.55,1463272,2024,DIFFERENT,DIFFERENT,DIFFERENT,NOT,NOT,NOT,NOT,0.415,0.071,0.514
124,computer architecture,Electronics Architecture,0.645,0.55-0.65,2292,2024,DIFFERENT,NARROWER,DIFFERENT,,NOT,RELATED,NOT,0.19,0.101,0.709
125,Communication,English Communication,0.775,0.75-0.85,255,2024+live,BROADER,BROADER,BROADER,RELATED,RELATED,SATISFIES,RELATED,0.342,0.527,0.131
126,system-level programming,Linux system programming,0.725,0.65-0.75,784,2024,BROADER,BROADER,BROADER,RELATED,RELATED,SATISFIES,RELATED,0.185,0.764,0.051
127,Algorithm complexity analysis,Algorithms design,0.678,0.65-0.75,784,2024,RELATED,NARROWER,RELATED,,RELATED,RELATED,RELATED,0.233,0.709,0.058
128,relational database design,Relational Databases,0.81,0.75-0.85,255,2024,NARROWER,NARROWER,NARROWER,SATISFIES,SATISFIES,SATISFIES,RELATED,0.275,0.672,0.054
129,earned value analysis,Earned Value Management,0.852,0.85+,69,2024,NARROWER,NARROWER,SAME,SATISFIES,SATISFIES,SATISFIES,RELATED,0.27,0.613,0.117
130,Static analysis,SonarQube static analysis,0.683,0.65-0.75,784,live,BROADER,BROADER,BROADER,RELATED,RELATED,RELATED,RELATED,0.237,0.644,0.119
131,ERP systems,ERP development,0.829,0.75-0.85,255,2024,RELATED,BROADER,BROADER,RELATED,RELATED,SATISFIES,RELATED,0.297,0.648,0.055
132,Business planning,Business Forecasting,0.663,0.65-0.75,784,2024,RELATED,BROADER,RELATED,RELATED,RELATED,RELATED,RELATED,0.182,0.76,0.058
133,Test-driven development,Game Testing,0.55,0.55-0.65,2292,2024,DIFFERENT,DIFFERENT,RELATED,,NOT,NOT,RELATED,0.168,0.782,0.05
134,data collection,Data Warehousing,0.667,0.65-0.75,784,2024+live,DIFFERENT,RELATED,RELATED,,RELATED,RELATED,RELATED,0.226,0.721,0.052
135,Product idea development,Mobile Product Development,0.645,0.55-0.65,2292,2024,RELATED,BROADER,RELATED,RELATED,RELATED,RELATED,RELATED,0.168,0.779,0.053
136,OSI model fundamentals,Semiconductor domain,0.012,<0.55,1463272,2024,DIFFERENT,DIFFERENT,DIFFERENT,NOT,NOT,NOT,NOT,0.408,0.068,0.524
137,enterprise application architecture,Enterprise Architecture Collaboration,0.688,0.65-0.75,784,2024,RELATED,RELATED,RELATED,RELATED,RELATED,RELATED,RELATED,0.167,0.773,0.06
138,Python for deep learning,Deep Learning,0.622,0.55-0.65,2292,2024+live,NARROWER,NARROWER,NARROWER,SATISFIES,SATISFIES,RELATED,RELATED,0.281,0.663,0.056
139,computer architecture,Architectural modeling,0.655,0.65-0.75,784,2024,DIFFERENT,RELATED,DIFFERENT,,NOT,RELATED,NOT,0.214,0.181,0.606
140,literature review,Individual Contributor,0.087,<0.55,1463272,2024,DIFFERENT,DIFFERENT,DIFFERENT,NOT,NOT,NOT,SATISFIES,0.485,0.327,0.188
141,basic object-oriented programming,Software Development Basics,0.599,0.55-0.65,2292,2024,NARROWER,NARROWER,NARROWER,SATISFIES,SATISFIES,NOT,RELATED,0.252,0.589,0.158
142,Communication,Written Communication,0.778,0.75-0.85,255,2024,BROADER,BROADER,BROADER,RELATED,RELATED,SATISFIES,RELATED,0.417,0.455,0.128
143,Front-end development,Front-end tooling,0.691,0.65-0.75,784,2024,BROADER,NARROWER,BROADER,,RELATED,RELATED,RELATED,0.277,0.483,0.24
144,Docker containerisation,Docker containers,0.888,0.85+,69,2024+live,SAME,BROADER,SAME,,SATISFIES,SATISFIES,RELATED,0.209,0.742,0.048
145,Collections framework,Competitor Analysis,0.084,<0.55,1463272,2024,DIFFERENT,DIFFERENT,DIFFERENT,NOT,NOT,NOT,NOT,0.261,0.101,0.639
146,serverless computing,Server technologies,0.551,0.55-0.65,2292,2024,RELATED,NARROWER,NARROWER,,SATISFIES,NOT,RELATED,0.237,0.71,0.054
147,relational database design,Relational Database Management,0.794,0.75-0.85,255,2024,RELATED,NARROWER,NARROWER,,SATISFIES,SATISFIES,RELATED,0.267,0.675,0.057
148,Leadership skills,Team Leadership,0.692,0.65-0.75,784,2024+live,SAME,SAME,BROADER,,SATISFIES,RELATED,RELATED,0.272,0.667,0.061
149,cloud security,Azure cloud security,0.797,0.75-0.85,255,2024+live,BROADER,BROADER,BROADER,RELATED,RELATED,SATISFIES,RELATED,0.207,0.745,0.048
150,Business model canvas,DMVPN,0.09,<0.55,1463272,2024,DIFFERENT,DIFFERENT,DIFFERENT,NOT,NOT,NOT,NOT,0.361,0.05,0.589
151,Requirements analysis,Requirements Documentation,0.723,0.65-0.75,784,2024,RELATED,NARROWER,RELATED,,RELATED,SATISFIES,RELATED,0.19,0.761,0.049
152,Distributed database design,Basic Database Support,0.561,0.55-0.65,2292,2024,RELATED,NARROWER,DIFFERENT,,,NOT,RELATED,0.21,0.726,0.064
153,software project planning,Software Project Management,0.84,0.75-0.85,255,2024,NARROWER,NARROWER,NARROWER,SATISFIES,SATISFIES,SATISFIES,RELATED,0.155,0.49,0.355
154,analytical thinking,Analytical Skills,0.77,0.75-0.85,255,2024+live,SAME,SAME,SAME,SATISFIES,SATISFIES,SATISFIES,NOT,0.361,0.122,0.517
155,distributed databases,Relational Database Management,0.654,0.65-0.75,784,2024,RELATED,RELATED,DIFFERENT,,RELATED,RELATED,RELATED,0.347,0.589,0.064
156,System monitoring,Monitoring Tools,0.763,0.75-0.85,255,2024+live,RELATED,BROADER,BROADER,RELATED,RELATED,SATISFIES,RELATED,0.181,0.772,0.047
157,Non-functional requirements definition,Functional Requirements,0.713,0.65-0.75,784,2024,RELATED,RELATED,DIFFERENT,,RELATED,SATISFIES,SATISFIES,0.389,0.376,0.235
158,Deploying blockchain solutions,Software Deployment,0.657,0.65-0.75,784,2024,NARROWER,NARROWER,NARROWER,SATISFIES,SATISFIES,RELATED,RELATED,0.182,0.746,0.072
159,hardware-software integration,Software integration,0.736,0.65-0.75,784,2024,RELATED,NARROWER,DIFFERENT,,,SATISFIES,NOT,0.15,0.114,0.736
160,basic machine learning,Artificial Intelligence,0.586,0.55-0.65,2292,2024,NARROWER,NARROWER,NARROWER,SATISFIES,SATISFIES,NOT,RELATED,0.345,0.585,0.071
161,search algorithms,Algorithm Selection,0.682,0.65-0.75,784,2024,RELATED,NARROWER,NARROWER,,SATISFIES,RELATED,RELATED,0.281,0.661,0.058
162,project scheduling,Technical Scheduling,0.703,0.65-0.75,784,2024,RELATED,NARROWER,NARROWER,,SATISFIES,SATISFIES,RELATED,0.168,0.781,0.051
163,CSS styling,HTML/CSS/JavaScript,0.578,0.55-0.65,2292,2024,RELATED,BROADER,NARROWER,,RELATED,NOT,RELATED,0.271,0.666,0.064
164,TCP/IP protocol basics,HTTP Networking,0.553,0.55-0.65,2292,2024,RELATED,BROADER,NARROWER,,RELATED,NOT,RELATED,0.234,0.716,0.05
165,project management,Project Financial Management,0.793,0.75-0.85,255,2024,BROADER,BROADER,BROADER,RELATED,RELATED,SATISFIES,NOT,0.307,0.162,0.531
166,software design,Application Design,0.827,0.75-0.85,255,2024,SAME,NARROWER,SAME,SATISFIES,SATISFIES,SATISFIES,RELATED,0.196,0.738,0.066
167,analytical thinking,Analytical Research,0.702,0.65-0.75,784,2024,RELATED,BROADER,BROADER,RELATED,RELATED,SATISFIES,SATISFIES,0.421,0.218,0.362
168,microservices deployment,Microservices,0.782,0.75-0.85,255,2024+live,NARROWER,NARROWER,NARROWER,SATISFIES,SATISFIES,SATISFIES,RELATED,0.195,0.758,0.047
169,Distributed application design,Distributed Application Architecture,0.864,0.85+,69,2024,SAME,NARROWER,SAME,SATISFIES,SATISFIES,SATISFIES,RELATED,0.201,0.75,0.049
170,list manipulation,AV system configuration,0.002,<0.55,1463272,2024,DIFFERENT,DIFFERENT,DIFFERENT,NOT,NOT,NOT,NOT,0.158,0.083,0.758
171,project estimation,Project Tracking,0.699,0.65-0.75,784,2024,RELATED,RELATED,RELATED,RELATED,RELATED,RELATED,RELATED,0.169,0.701,0.13
172,Distributed application design,Cost Control,0.145,<0.55,1463272,2024,DIFFERENT,DIFFERENT,DIFFERENT,NOT,NOT,NOT,NOT,0.14,0.061,0.799
173,Technology product validation,Product Advisory,0.615,0.55-0.65,2292,2024,DIFFERENT,RELATED,RELATED,,RELATED,RELATED,NOT,0.2,0.124,0.676
174,Acceptance testing,User Acceptance Testing,0.923,0.85+,69,2024+live,SAME,BROADER,NARROWER,,SATISFIES,SATISFIES,RELATED,0.219,0.73,0.051
175,Searching techniques,Technical Review,0.105,<0.55,1463272,2024,DIFFERENT,DIFFERENT,DIFFERENT,NOT,NOT,NOT,RELATED,0.281,0.576,0.143
176,Data persistence,Data de-duplication,0.561,0.55-0.65,2292,live,RELATED,RELATED,DIFFERENT,,RELATED,NOT,SATISFIES,0.519,0.321,0.16
177,object-oriented programming,Object Oriented ABAP,0.721,0.65-0.75,784,2024,BROADER,BROADER,BROADER,RELATED,RELATED,SATISFIES,SATISFIES,0.512,0.417,0.071
178,Leadership skills,IT Leadership,0.592,0.55-0.65,2292,2024,BROADER,BROADER,BROADER,RELATED,RELATED,NOT,RELATED,0.309,0.596,0.095
179,Use case modeling,Business Case Writing,0.65,0.65-0.75,784,2024,DIFFERENT,NARROWER,DIFFERENT,,NOT,RELATED,RELATED,0.215,0.72,0.065
180,Enterprise Java development,Java 11,0.569,0.55-0.65,2292,2024,NARROWER,RELATED,BROADER,,RELATED,NOT,RELATED,0.249,0.454,0.297
181,file handling,Document Processing,0.628,0.55-0.65,2292,2024,DIFFERENT,BROADER,NARROWER,,,RELATED,RELATED,0.243,0.63,0.127
182,memory management,Memory Optimization,0.794,0.75-0.85,255,2024,RELATED,BROADER,NARROWER,,RELATED,SATISFIES,RELATED,0.284,0.639,0.076
183,scalable architecture design,Software Scalability,0.642,0.55-0.65,2292,2024,NARROWER,NARROWER,NARROWER,SATISFIES,SATISFIES,RELATED,RELATED,0.232,0.636,0.132
184,quantitative research,Keyword research,0.553,0.55-0.65,2292,2024,DIFFERENT,BROADER,DIFFERENT,,NOT,NOT,RELATED,0.371,0.52,0.109
185,Continuous integration,SharePoint Integration,0.572,0.55-0.65,2292,2024,DIFFERENT,DIFFERENT,DIFFERENT,NOT,NOT,NOT,RELATED,0.248,0.694,0.058
186,Lifecycle management,Lifecycle Manager,0.9,0.85+,69,2024,DIFFERENT,BROADER,NARROWER,,,SATISFIES,RELATED,0.233,0.428,0.338
187,Requirements analysis,Requirements Gathering,0.817,0.75-0.85,255,2024+live,RELATED,RELATED,SAME,,RELATED,SATISFIES,RELATED,0.164,0.782,0.054
188,HTML markup,HTML,0.837,0.75-0.85,255,2024+live,SAME,SAME,NARROWER,SATISFIES,SATISFIES,SATISFIES,RELATED,0.309,0.627,0.064
189,Message queue integration,Message Broker,0.638,0.55-0.65,2292,2024,NARROWER,BROADER,NARROWER,,SATISFIES,RELATED,RELATED,0.257,0.663,0.08
190,Software project management,Security Project Management,0.696,0.65-0.75,784,2024,RELATED,BROADER,BROADER,RELATED,RELATED,RELATED,NOT,0.173,0.186,0.641
191,control flow,Control system integration,0.568,0.55-0.65,2292,2024,DIFFERENT,DIFFERENT,DIFFERENT,NOT,NOT,NOT,RELATED,0.242,0.692,0.066
192,layered architecture,Component Architecture,0.672,0.65-0.75,784,2024,RELATED,RELATED,RELATED,RELATED,RELATED,RELATED,RELATED,0.366,0.536,0.098
193,intelligent agents,AI Agent Development,0.774,0.75-0.85,255,live,RELATED,BROADER,NARROWER,,RELATED,SATISFIES,RELATED,0.329,0.602,0.069
194,CI/CD pipelines,CI/CD Monitoring,0.615,0.55-0.65,2292,2024,RELATED,BROADER,BROADER,RELATED,RELATED,RELATED,RELATED,0.166,0.768,0.066
195,usability testing,User Testing,0.728,0.65-0.75,784,2024,SAME,NARROWER,NARROWER,SATISFIES,SATISFIES,SATISFIES,RELATED,0.193,0.758,0.049
196,NoSQL databases,Database Architecture,0.62,0.55-0.65,2292,2024,RELATED,BROADER,NARROWER,,RELATED,RELATED,RELATED,0.31,0.635,0.055
197,quantitative research,Market Research,0.571,0.55-0.65,2292,2024,RELATED,NARROWER,RELATED,,RELATED,NOT,RELATED,0.247,0.684,0.07
198,Multithreading,Parallel Run Support,0.558,0.55-0.65,2292,2024,DIFFERENT,NARROWER,DIFFERENT,,NOT,NOT,RELATED,0.17,0.77,0.06
199,transaction management,Inventory Management,0.571,0.55-0.65,2292,2024+live,DIFFERENT,DIFFERENT,DIFFERENT,NOT,NOT,NOT,NOT,0.243,0.185,0.572
200,CI/CD pipelines,MLOps CI/CD,0.608,0.55-0.65,2292,live,BROADER,SAME,BROADER,,RELATED,RELATED,RELATED,0.247,0.7,0.053
201,file system administration,File Management,0.786,0.75-0.85,255,2024,RELATED,NARROWER,NARROWER,,SATISFIES,SATISFIES,RELATED,0.278,0.657,0.066
202,file system administration,IT systems administration,0.614,0.55-0.65,2292,2024,NARROWER,BROADER,NARROWER,,SATISFIES,RELATED,RELATED,0.257,0.689,0.055
203,Requirements elicitation,Requirement Tracking,0.693,0.65-0.75,784,2024,RELATED,RELATED,RELATED,RELATED,RELATED,RELATED,RELATED,0.137,0.562,0.301
204,Use case modeling,Case Management,0.726,0.65-0.75,784,2024+live,DIFFERENT,DIFFERENT,DIFFERENT,NOT,NOT,SATISFIES,RELATED,0.278,0.634,0.089
205,Network troubleshooting,Network Diagnostics,0.784,0.75-0.85,255,2024,SAME,NARROWER,SAME,SATISFIES,SATISFIES,SATISFIES,RELATED,0.18,0.774,0.047
206,System monitoring,IT Monitoring,0.765,0.75-0.85,255,2024,SAME,NARROWER,SAME,SATISFIES,SATISFIES,SATISFIES,RELATED,0.193,0.759,0.048
207,abstraction,Automotive Industry Knowledge,0.2,<0.55,1463272,2024,DIFFERENT,DIFFERENT,DIFFERENT,NOT,NOT,NOT,NOT,0.143,0.066,0.791
208,ERP systems,ERP System Support,0.833,0.75-0.85,255,2024,RELATED,BROADER,BROADER,RELATED,RELATED,SATISFIES,RELATED,0.224,0.726,0.05
209,Stack usage,Full Stack,0.711,0.65-0.75,784,2024,DIFFERENT,BROADER,BROADER,,RELATED,SATISFIES,RELATED,0.316,0.606,0.077
210,software design,System Programming,0.669,0.65-0.75,784,2024,DIFFERENT,DIFFERENT,BROADER,,NOT,RELATED,RELATED,0.146,0.651,0.204
211,Factory pattern,Factory Automation Engineering,0.577,0.55-0.65,2292,2024,DIFFERENT,DIFFERENT,DIFFERENT,NOT,NOT,NOT,RELATED,0.24,0.398,0.362
212,research design,User Research,0.659,0.65-0.75,784,2024+live,RELATED,NARROWER,BROADER,,RELATED,RELATED,RELATED,0.246,0.693,0.061
213,Non-functional requirements definition,Requirement Definition,0.613,0.55-0.65,2292,2024,NARROWER,NARROWER,NARROWER,SATISFIES,SATISFIES,RELATED,SATISFIES,0.394,0.236,0.37
214,Data cleaning,Data quality,0.621,0.55-0.65,2292,2024,RELATED,NARROWER,NARROWER,,SATISFIES,RELATED,RELATED,0.184,0.736,0.079
215,cloud-native architecture,Cloud-native development,0.872,0.85+,69,2024+live,RELATED,RELATED,NARROWER,,RELATED,SATISFIES,RELATED,0.212,0.741,0.047
216,Teamwork,Team communication,0.69,0.65-0.75,784,2024,RELATED,NARROWER,BROADER,,RELATED,RELATED,RELATED,0.354,0.566,0.081
217,requirements gathering,Requirements Management,0.816,0.75-0.85,255,2024,NARROWER,BROADER,NARROWER,,SATISFIES,SATISFIES,RELATED,0.171,0.766,0.063
218,cloud-native architecture,Cloud applications,0.682,0.65-0.75,784,2024,RELATED,RELATED,NARROWER,,RELATED,RELATED,RELATED,0.234,0.717,0.049
219,Integration testing,Unit integration testing,0.882,0.85+,69,2024,RELATED,BROADER,BROADER,RELATED,RELATED,SATISFIES,RELATED,0.189,0.762,0.049
220,System monitoring,Monitoring systems,0.918,0.85+,69,2024,SAME,SAME,SAME,SATISFIES,SATISFIES,SATISFIES,RELATED,0.213,0.736,0.051
221,usability testing,UI Testing,0.69,0.65-0.75,784,2024,RELATED,RELATED,RELATED,RELATED,RELATED,RELATED,RELATED,0.167,0.783,0.05
222,UX research,Research Analysis,0.675,0.65-0.75,784,2024,RELATED,NARROWER,RELATED,,RELATED,RELATED,SATISFIES,0.496,0.411,0.093
223,serverless computing,Serverless Architecture,0.861,0.85+,69,2024,RELATED,SAME,SAME,,SATISFIES,SATISFIES,RELATED,0.221,0.731,0.048
224,Quality assurance,Quality Control,0.767,0.75-0.85,255,2024+live,RELATED,RELATED,RELATED,RELATED,RELATED,SATISFIES,RELATED,0.37,0.529,0.101
225,authentication implementation,OAuth2 Security,0.551,0.55-0.65,2292,2024,BROADER,BROADER,RELATED,RELATED,RELATED,NOT,RELATED,0.237,0.706,0.057
226,Performance testing,Performance debugging,0.686,0.65-0.75,784,2024,RELATED,RELATED,RELATED,RELATED,RELATED,RELATED,RELATED,0.157,0.795,0.048
227,enterprise application architecture,Distributed Application Architecture,0.706,0.65-0.75,784,2024,RELATED,RELATED,RELATED,RELATED,RELATED,SATISFIES,RELATED,0.22,0.719,0.061
228,Advanced Java programming,Java Backend,0.669,0.65-0.75,784,2024,RELATED,NARROWER,RELATED,,RELATED,RELATED,NOT,0.229,0.358,0.413
229,IP addressing,IP Networking,0.752,0.75-0.85,255,2024+live,NARROWER,NARROWER,NARROWER,SATISFIES,SATISFIES,SATISFIES,RELATED,0.27,0.68,0.05
230,Software quality metrics,Quality Assurance,0.558,0.55-0.65,2292,2024+live,RELATED,BROADER,RELATED,RELATED,RELATED,NOT,RELATED,0.176,0.756,0.067
231,basic object-oriented programming,Object-oriented programming,0.922,0.85+,69,2024+live,NARROWER,BROADER,NARROWER,,SATISFIES,SATISFIES,RELATED,0.239,0.709,0.053
232,layered architecture,Salesforce Architecture,0.6,0.55-0.65,2292,2024,DIFFERENT,DIFFERENT,RELATED,,NOT,RELATED,RELATED,0.405,0.406,0.189
233,Functional requirements definition,Functional Requirement Management,0.766,0.75-0.85,255,2024,NARROWER,NARROWER,RELATED,,SATISFIES,SATISFIES,NOT,0.368,0.221,0.412
234,Requirements analysis,Customer requirement analysis,0.708,0.65-0.75,784,2024,SAME,BROADER,RELATED,,RELATED,SATISFIES,RELATED,0.153,0.773,0.075
235,Sprint planning,Agile sprint planning,0.904,0.85+,69,2024,SAME,SAME,NARROWER,SATISFIES,SATISFIES,SATISFIES,RELATED,0.167,0.773,0.06
236,event-driven architecture,E2E Testing,0.062,<0.55,1463272,2024,DIFFERENT,DIFFERENT,DIFFERENT,NOT,NOT,NOT,NOT,0.151,0.067,0.782
237,algorithmic analysis,Implementation,0.557,0.55-0.65,2292,2024,DIFFERENT,RELATED,DIFFERENT,,NOT,NOT,RELATED,0.371,0.543,0.086
238,NoSQL databases,SQL Relational Databases,0.561,0.55-0.65,2292,2024,RELATED,RELATED,DIFFERENT,,RELATED,NOT,RELATED,0.352,0.59,0.058
239,Enterprise Java development,Enterprise Development,0.74,0.65-0.75,784,2024,NARROWER,NARROWER,NARROWER,SATISFIES,SATISFIES,SATISFIES,RELATED,0.173,0.612,0.215
240,Requirements traceability,Requirements Gathering,0.64,0.55-0.65,2292,2024+live,RELATED,RELATED,RELATED,RELATED,RELATED,RELATED,RELATED,0.154,0.792,0.054
241,Quality assurance,Data Quality Assurance,0.763,0.75-0.85,255,2024+live,BROADER,BROADER,BROADER,RELATED,RELATED,SATISFIES,RELATED,0.208,0.743,0.049
242,scalable architecture design,Architecture Roadmapping,0.624,0.55-0.65,2292,2024,RELATED,RELATED,RELATED,RELATED,RELATED,RELATED,RELATED,0.182,0.765,0.053
243,middleware integration,Middleware Development,0.838,0.75-0.85,255,2024,RELATED,BROADER,RELATED,RELATED,RELATED,SATISFIES,NOT,0.247,0.16,0.593
244,DevOps practices,DevOps Methodologies,0.896,0.85+,69,2024,SAME,SAME,SAME,SATISFIES,SATISFIES,SATISFIES,RELATED,0.184,0.768,0.048
245,project management,IT Project Management,0.807,0.75-0.85,255,2024+live,BROADER,BROADER,BROADER,RELATED,RELATED,SATISFIES,RELATED,0.236,0.71,0.054
246,Requirements specification,Functional Requirements,0.697,0.65-0.75,784,2024,RELATED,BROADER,BROADER,RELATED,RELATED,RELATED,RELATED,0.268,0.66,0.072
247,microservices deployment,Windows Deployment Services,0.668,0.65-0.75,784,2024,DIFFERENT,DIFFERENT,DIFFERENT,NOT,NOT,RELATED,RELATED,0.174,0.763,0.062
248,Android development,Mobile Development,0.716,0.65-0.75,784,2024,NARROWER,NARROWER,NARROWER,SATISFIES,SATISFIES,SATISFIES,RELATED,0.154,0.718,0.128
249,REST API integration,REST API Automation,0.745,0.65-0.75,784,live,RELATED,RELATED,RELATED,RELATED,RELATED,SATISFIES,RELATED,0.182,0.763,0.055
250,risk management,Operational Risk Management,0.803,0.75-0.85,255,2024,BROADER,NARROWER,BROADER,,RELATED,SATISFIES,RELATED,0.228,0.707,0.065
251,software development,Programming,0.681,0.65-0.75,784,2024,NARROWER,NARROWER,SAME,SATISFIES,SATISFIES,RELATED,RELATED,0.211,0.726,0.063
252,Acceptance testing,Testing Strategies,0.57,0.55-0.65,2292,2024,RELATED,NARROWER,NARROWER,,SATISFIES,NOT,RELATED,0.214,0.734,0.052
253,relational database implementation,Relational Databases,0.865,0.85+,69,2024,NARROWER,NARROWER,NARROWER,SATISFIES,SATISFIES,SATISFIES,RELATED,0.266,0.683,0.051
254,Data cleaning,Data Preparation,0.682,0.65-0.75,784,2024,NARROWER,NARROWER,NARROWER,SATISFIES,SATISFIES,RELATED,RELATED,0.156,0.721,0.122
255,Requirements specification,Requirements Documentation,0.837,0.75-0.85,255,2024,SAME,NARROWER,SAME,SATISFIES,SATISFIES,SATISFIES,RELATED,0.202,0.748,0.05
256,software project planning,IT Project Planning,0.752,0.75-0.85,255,2024,NARROWER,NARROWER,NARROWER,SATISFIES,SATISFIES,SATISFIES,RELATED,0.151,0.784,0.065
257,wireframing,Balsamiq Wireframing,0.738,0.65-0.75,784,2024,BROADER,BROADER,BROADER,RELATED,RELATED,SATISFIES,RELATED,0.275,0.649,0.076
258,Technology product validation,Technology Risk Assessment,0.595,0.55-0.65,2292,2024,DIFFERENT,RELATED,DIFFERENT,,NOT,NOT,NOT,0.145,0.211,0.644
259,full-stack development,Full Stack Architecture,0.857,0.85+,69,2024,RELATED,RELATED,RELATED,RELATED,RELATED,SATISFIES,RELATED,0.237,0.707,0.055
260,Data persistence,Data Replication,0.63,0.55-0.65,2292,2024,RELATED,RELATED,DIFFERENT,,RELATED,RELATED,RELATED,0.388,0.541,0.071
261,team leadership,Shift Team Leadership,0.753,0.75-0.85,255,2024,BROADER,BROADER,BROADER,RELATED,RELATED,SATISFIES,RELATED,0.239,0.696,0.065
262,embedded computing,Embedded Analytics,0.658,0.65-0.75,784,live,DIFFERENT,DIFFERENT,DIFFERENT,NOT,NOT,RELATED,RELATED,0.187,0.645,0.169
263,big data storage,Data Backup,0.582,0.55-0.65,2292,2024,RELATED,RELATED,DIFFERENT,,RELATED,NOT,RELATED,0.229,0.721,0.05
264,mathematical optimisation,Virtualization Operations,0.162,<0.55,1463272,2024,DIFFERENT,DIFFERENT,DIFFERENT,NOT,NOT,NOT,NOT,0.172,0.177,0.65
265,logical reasoning,UI Testing,0.13,<0.55,1463272,2024,DIFFERENT,DIFFERENT,DIFFERENT,NOT,NOT,NOT,NOT,0.214,0.22,0.566
266,integration patterns,Integration Testing,0.581,0.55-0.65,2292,2024+live,DIFFERENT,RELATED,DIFFERENT,,NOT,NOT,RELATED,0.2,0.747,0.054
267,Unit testing,System testing,0.767,0.75-0.85,255,2024+live,RELATED,RELATED,RELATED,RELATED,RELATED,SATISFIES,RELATED,0.217,0.732,0.051
268,Software project management,Project Management,0.89,0.85+,69,2024+live,NARROWER,NARROWER,NARROWER,SATISFIES,SATISFIES,SATISFIES,RELATED,0.217,0.431,0.352
269,Design pattern application,OOP Design Patterns,0.779,0.75-0.85,255,2024,SAME,BROADER,SAME,,SATISFIES,SATISFIES,RELATED,0.205,0.741,0.053
270,software development,Content Development,0.672,0.65-0.75,784,2024,DIFFERENT,DIFFERENT,DIFFERENT,NOT,NOT,RELATED,RELATED,0.227,0.719,0.054
271,problem solving,Problem analysis,0.703,0.65-0.75,784,2024,RELATED,NARROWER,RELATED,,RELATED,SATISFIES,RELATED,0.254,0.689,0.057
272,state management,Provider State Management,0.702,0.65-0.75,784,2024,BROADER,BROADER,BROADER,RELATED,RELATED,SATISFIES,RELATED,0.401,0.426,0.173
273,microservices architecture,Microservices Design,0.905,0.85+,69,2024,SAME,NARROWER,SAME,SATISFIES,SATISFIES,SATISFIES,RELATED,0.214,0.739,0.047
274,Business model development,Internal Audit Standards,0.176,<0.55,1463272,2024,DIFFERENT,DIFFERENT,DIFFERENT,NOT,NOT,NOT,RELATED,0.213,0.596,0.191
275,Design patterns,Test procedures,0.23,<0.55,1463272,2024,DIFFERENT,DIFFERENT,DIFFERENT,NOT,NOT,NOT,RELATED,0.228,0.701,0.071
276,Responsive design,Responsive UI,0.828,0.75-0.85,255,2024,SAME,SAME,SAME,SATISFIES,SATISFIES,SATISFIES,RELATED,0.269,0.674,0.057
277,risk management,Risk Assessment,0.754,0.75-0.85,255,2024,RELATED,NARROWER,BROADER,,RELATED,SATISFIES,RELATED,0.267,0.679,0.054
278,Static analysis,Static Code Analysis,0.857,0.85+,69,2024,SAME,SAME,SAME,SATISFIES,SATISFIES,SATISFIES,RELATED,0.191,0.753,0.055
279,process management,Process Engineering,0.804,0.75-0.85,255,2024,RELATED,RELATED,DIFFERENT,,RELATED,SATISFIES,RELATED,0.181,0.738,0.082
280,Backlog management,Log management,0.701,0.65-0.75,784,2024+live,DIFFERENT,DIFFERENT,DIFFERENT,NOT,NOT,SATISFIES,RELATED,0.161,0.771,0.068
281,basic machine learning,Fast learning,0.59,0.55-0.65,2292,2024,DIFFERENT,DIFFERENT,DIFFERENT,NOT,NOT,NOT,RELATED,0.299,0.641,0.06
282,process management,Process Control Engineering,0.756,0.75-0.85,255,live,DIFFERENT,RELATED,DIFFERENT,,NOT,SATISFIES,NOT,0.173,0.391,0.436
283,large-scale software design,Application Deployment,0.251,<0.55,1463272,2024,DIFFERENT,RELATED,DIFFERENT,,NOT,NOT,RELATED,0.146,0.471,0.384
284,Requirements elicitation,Business Requirements,0.596,0.55-0.65,2292,2024,RELATED,NARROWER,NARROWER,,SATISFIES,NOT,RELATED,0.177,0.764,0.058
285,full-stack development,Java Full-Stack,0.719,0.65-0.75,784,2024,BROADER,BROADER,BROADER,RELATED,RELATED,SATISFIES,RELATED,0.237,0.693,0.071
286,Docker containers,Dockerfile,0.724,0.65-0.75,784,2024,NARROWER,BROADER,BROADER,,RELATED,SATISFIES,RELATED,0.22,0.73,0.049
287,problem solving,Technical Problem Solving,0.814,0.75-0.85,255,2024,BROADER,BROADER,BROADER,RELATED,RELATED,SATISFIES,RELATED,0.219,0.729,0.052
288,thread safety assessment,Multithreading,0.607,0.55-0.65,2292,2024,NARROWER,NARROWER,NARROWER,SATISFIES,SATISFIES,RELATED,RELATED,0.145,0.757,0.098
289,UX research,SAP HANA upgrade,0.011,<0.55,1463272,2024,DIFFERENT,DIFFERENT,DIFFERENT,NOT,NOT,NOT,NOT,0.178,0.054,0.769
290,Performance testing,Performance analysis,0.775,0.75-0.85,255,2024,RELATED,NARROWER,RELATED,,RELATED,SATISFIES,RELATED,0.17,0.781,0.048
291,Backlog management,SAP Payroll Configuration,0.241,<0.55,1463272,2024,DIFFERENT,DIFFERENT,DIFFERENT,NOT,NOT,NOT,NOT,0.132,0.062,0.806
292,event-driven architecture,Event Planning,0.626,0.55-0.65,2292,2024,DIFFERENT,DIFFERENT,DIFFERENT,NOT,NOT,RELATED,RELATED,0.157,0.768,0.075
293,System testing,Unit Testing,0.767,0.75-0.85,255,2024+live,RELATED,RELATED,BROADER,RELATED,RELATED,SATISFIES,RELATED,0.213,0.736,0.051
294,Distributed database design,Database Management,0.651,0.65-0.75,784,2024+live,RELATED,RELATED,NARROWER,,RELATED,RELATED,RELATED,0.275,0.623,0.102
295,research design,UX Research Methods,0.66,0.65-0.75,784,live,RELATED,RELATED,BROADER,RELATED,RELATED,RELATED,RELATED,0.277,0.641,0.082
296,authentication implementation,Authorization Design,0.736,0.65-0.75,784,live,RELATED,RELATED,RELATED,RELATED,RELATED,SATISFIES,RELATED,0.288,0.647,0.065
297,maintainable architecture design,Computer Architecture,0.557,0.55-0.65,2292,live,DIFFERENT,DIFFERENT,DIFFERENT,NOT,NOT,NOT,RELATED,0.213,0.518,0.269
298,file system administration,Salesforce Administration,0.632,0.55-0.65,2292,2024,DIFFERENT,DIFFERENT,DIFFERENT,NOT,NOT,RELATED,RELATED,0.299,0.614,0.087
299,Deploying blockchain solutions,Deployment Management,0.592,0.55-0.65,2292,2024+live,RELATED,NARROWER,NARROWER,,SATISFIES,NOT,RELATED,0.176,0.747,0.077
300,Requirements specification,Requirement Definition,0.755,0.75-0.85,255,2024,SAME,SAME,SAME,SATISFIES,SATISFIES,SATISFIES,RELATED,0.227,0.714,0.059
301,event-driven architecture,Event-Driven Design,0.878,0.85+,69,2024,SAME,SAME,SAME,SATISFIES,SATISFIES,SATISFIES,RELATED,0.184,0.748,0.068
302,Acceptance testing,User Acceptance Testing Support,0.822,0.75-0.85,255,live,RELATED,NARROWER,NARROWER,,SATISFIES,SATISFIES,RELATED,0.196,0.757,0.047
303,AI problem solving,AI technologies,0.65,0.65-0.75,784,2024,RELATED,NARROWER,RELATED,,RELATED,RELATED,RELATED,0.256,0.686,0.058
304,Advanced Java programming,Java OOP,0.744,0.65-0.75,784,2024,NARROWER,NARROWER,NARROWER,SATISFIES,SATISFIES,SATISFIES,SATISFIES,0.535,0.202,0.263
305,Array manipulation,Pricing Strategy,0.127,<0.55,1463272,2024,DIFFERENT,DIFFERENT,DIFFERENT,NOT,NOT,NOT,NOT,0.329,0.121,0.549
306,MVC architecture,C# MVC,0.822,0.75-0.85,255,2024,BROADER,BROADER,BROADER,RELATED,RELATED,SATISFIES,RELATED,0.388,0.537,0.075
307,Android development,Android native development,0.876,0.85+,69,2024,SAME,SAME,SAME,SATISFIES,SATISFIES,SATISFIES,RELATED,0.162,0.771,0.068
308,computer architecture,Scalable Architecture,0.733,0.65-0.75,784,2024,DIFFERENT,DIFFERENT,DIFFERENT,NOT,NOT,SATISFIES,RELATED,0.333,0.573,0.094
309,integration patterns,Fault Management,0.156,<0.55,1463272,2024,DIFFERENT,DIFFERENT,DIFFERENT,NOT,NOT,NOT,NOT,0.291,0.125,0.584
310,logical reasoning,Analytical reasoning,0.583,0.55-0.65,2292,2024,RELATED,NARROWER,SAME,,SATISFIES,NOT,RELATED,0.362,0.554,0.083
311,Software architecture design,Solution architecture design,0.813,0.75-0.85,255,2024,RELATED,SAME,SAME,,SATISFIES,SATISFIES,RELATED,0.164,0.781,0.055
312,Docker containers,Application Design,0.213,<0.55,1463272,2024,DIFFERENT,DIFFERENT,DIFFERENT,NOT,NOT,NOT,RELATED,0.208,0.738,0.054
313,Business planning,Business Modeling,0.658,0.65-0.75,784,2024,RELATED,RELATED,RELATED,RELATED,RELATED,RELATED,RELATED,0.197,0.728,0.075
314,concurrency fundamentals,Thread management,0.585,0.55-0.65,2292,2024,RELATED,NARROWER,SAME,,SATISFIES,NOT,RELATED,0.394,0.4,0.206
315,concurrent data structures,Continuous learning,0.187,<0.55,1463272,2024,DIFFERENT,DIFFERENT,DIFFERENT,NOT,NOT,NOT,SATISFIES,0.561,0.187,0.252
316,human-centred design,Design system development,0.558,0.55-0.65,2292,2024+live,RELATED,RELATED,DIFFERENT,,RELATED,NOT,RELATED,0.242,0.675,0.082
317,UI design,Game UI/UX design,0.762,0.75-0.85,255,2024,BROADER,SAME,BROADER,,RELATED,SATISFIES,RELATED,0.217,0.723,0.06
318,algorithmic thinking,Design Thinking,0.555,0.55-0.65,2292,2024+live,DIFFERENT,DIFFERENT,DIFFERENT,NOT,NOT,NOT,NOT,0.344,0.167,0.489
319,control flow,Flow Control,0.93,0.85+,69,2024,DIFFERENT,SAME,SAME,,SATISFIES,SATISFIES,RELATED,0.276,0.671,0.053
320,relational database design,SQL Relational Databases,0.78,0.75-0.85,255,2024,NARROWER,NARROWER,NARROWER,SATISFIES,SATISFIES,SATISFIES,RELATED,0.257,0.69,0.053
321,cloud security,Cloud Security Governance,0.769,0.75-0.85,255,2024,BROADER,BROADER,BROADER,RELATED,RELATED,SATISFIES,RELATED,0.212,0.741,0.047
322,Infrastructure as code,Infrastructure engineering,0.698,0.65-0.75,784,2024,RELATED,NARROWER,RELATED,,RELATED,RELATED,RELATED,0.206,0.742,0.052
323,distributed databases,SQL/NoSQL databases,0.671,0.65-0.75,784,live,RELATED,NARROWER,NARROWER,,SATISFIES,RELATED,RELATED,0.287,0.659,0.055
324,algorithmic analysis,Algorithm Selection,0.75,0.75-0.85,255,2024,RELATED,NARROWER,RELATED,,RELATED,SATISFIES,RELATED,0.279,0.655,0.066
325,project estimation,Project accounting,0.695,0.65-0.75,784,2024,DIFFERENT,RELATED,DIFFERENT,,NOT,RELATED,NOT,0.19,0.231,0.578
326,Functional requirements definition,Requirements Specification,0.652,0.65-0.75,784,2024,NARROWER,NARROWER,NARROWER,SATISFIES,SATISFIES,RELATED,RELATED,0.378,0.474,0.148
327,Non-functional requirements definition,Disk Space Management,0.013,<0.55,1463272,2024,DIFFERENT,BROADER,DIFFERENT,,NOT,NOT,NOT,0.29,0.095,0.616
328,control flow,Motion Control,0.596,0.55-0.65,2292,2024,DIFFERENT,DIFFERENT,DIFFERENT,NOT,NOT,NOT,RELATED,0.331,0.602,0.067
329,Terraform provisioning,Terraform,0.767,0.75-0.85,255,2024+live,SAME,NARROWER,NARROWER,SATISFIES,SATISFIES,SATISFIES,RELATED,0.208,0.745,0.047
330,Lean startup,CRM software,0.195,<0.55,1463272,2024+live,DIFFERENT,DIFFERENT,DIFFERENT,NOT,NOT,NOT,NOT,0.176,0.056,0.768
331,input/output systems,Process Control Systems,0.557,0.55-0.65,2292,2024,DIFFERENT,NARROWER,DIFFERENT,,NOT,NOT,NOT,0.277,0.343,0.38
332,Front-end development,Frontend Architecture,0.744,0.65-0.75,784,2024,RELATED,BROADER,BROADER,RELATED,RELATED,SATISFIES,RELATED,0.288,0.512,0.2
333,Agile methodology,Scrum Methodology,0.786,0.75-0.85,255,2024,BROADER,BROADER,BROADER,RELATED,RELATED,SATISFIES,RELATED,0.185,0.714,0.101
334,HTML markup,HTML5 Markup,0.895,0.85+,69,2024,SAME,BROADER,SAME,,SATISFIES,SATISFIES,RELATED,0.263,0.677,0.06
335,Design pattern implementation,Design patterns,0.867,0.85+,69,2024+live,SAME,NARROWER,NARROWER,SATISFIES,SATISFIES,SATISFIES,RELATED,0.223,0.726,0.05
336,transaction management,Transaction Processing,0.81,0.75-0.85,255,2024,RELATED,NARROWER,SAME,,SATISFIES,SATISFIES,RELATED,0.214,0.738,0.048
337,memory management,Storage System Management,0.583,0.55-0.65,2292,2024,DIFFERENT,RELATED,DIFFERENT,,NOT,NOT,NOT,0.326,0.145,0.529
338,Java programming,Basic Programming,0.68,0.65-0.75,784,2024,NARROWER,NARROWER,NARROWER,SATISFIES,SATISFIES,RELATED,RELATED,0.224,0.68,0.096
339,design thinking,Information Design,0.556,0.55-0.65,2292,2024,DIFFERENT,RELATED,DIFFERENT,,NOT,NOT,RELATED,0.213,0.704,0.083
340,SOLID principles,SolidWorks,0.598,0.55-0.65,2292,2024,DIFFERENT,DIFFERENT,DIFFERENT,NOT,NOT,NOT,SATISFIES,0.564,0.189,0.246
341,Unit testing,Software Testing,0.722,0.65-0.75,784,2024+live,NARROWER,NARROWER,NARROWER,SATISFIES,SATISFIES,SATISFIES,RELATED,0.203,0.747,0.05
342,Deploying blockchain solutions,Network Deployment,0.579,0.55-0.65,2292,2024,DIFFERENT,NARROWER,RELATED,,,NOT,RELATED,0.188,0.758,0.053
343,Design pattern implementation,Software Design Patterns,0.783,0.75-0.85,255,2024+live,SAME,NARROWER,SAME,SATISFIES,SATISFIES,SATISFIES,RELATED,0.191,0.756,0.053
344,Requirements elicitation,Requirements analysis,0.732,0.65-0.75,784,2024+live,RELATED,NARROWER,NARROWER,,SATISFIES,SATISFIES,RELATED,0.164,0.767,0.069
345,Statistical analysis,Data Analysis,0.778,0.75-0.85,255,2024+live,NARROWER,NARROWER,NARROWER,SATISFIES,SATISFIES,SATISFIES,RELATED,0.28,0.655,0.064
346,system-level programming,Program Management,0.64,0.55-0.65,2292,2024+live,DIFFERENT,DIFFERENT,DIFFERENT,NOT,NOT,RELATED,NOT,0.136,0.098,0.766
347,Requirements traceability,Requirement Tracking,0.659,0.65-0.75,784,2024,RELATED,SAME,SAME,,SATISFIES,RELATED,RELATED,0.13,0.79,0.08
348,Quality assurance,Quality Assurance Testing,0.868,0.85+,69,2024,RELATED,BROADER,BROADER,RELATED,RELATED,SATISFIES,RELATED,0.209,0.742,0.049
349,authentication implementation,Authentication Solutions,0.8,0.75-0.85,255,2024,SAME,NARROWER,NARROWER,SATISFIES,SATISFIES,SATISFIES,RELATED,0.228,0.721,0.05
350,Mobile app publishing,Mobile App Integration,0.648,0.55-0.65,2292,2024,RELATED,RELATED,DIFFERENT,,RELATED,RELATED,RELATED,0.183,0.504,0.313
351,Continuous quality improvement,Quality Management Systems,0.657,0.65-0.75,784,2024,RELATED,NARROWER,NARROWER,,SATISFIES,RELATED,RELATED,0.249,0.667,0.085
352,Innovation management,Innovation Culture,0.722,0.65-0.75,784,2024,RELATED,RELATED,RELATED,RELATED,RELATED,SATISFIES,NOT,0.239,0.153,0.608
353,software development lifecycle,Full Development Lifecycle,0.788,0.75-0.85,255,2024,SAME,SAME,SAME,SATISFIES,SATISFIES,SATISFIES,RELATED,0.163,0.761,0.076
354,Business planning,Financial Planning,0.672,0.65-0.75,784,2024,RELATED,BROADER,RELATED,RELATED,RELATED,RELATED,RELATED,0.317,0.368,0.314
355,Continuous integration,Workflow coordination,0.204,<0.55,1463272,2024,DIFFERENT,NARROWER,DIFFERENT,,NOT,NOT,NOT,0.371,0.168,0.461
356,polymorphism,B2B SaaS Sales,0.0,<0.55,1463272,2024,DIFFERENT,DIFFERENT,DIFFERENT,NOT,NOT,NOT,NOT,0.273,0.055,0.672
357,software evaluation,Testing & Evaluation,0.687,0.65-0.75,784,2024,RELATED,BROADER,NARROWER,,RELATED,RELATED,RELATED,0.208,0.739,0.053
358,TCP/IP protocol basics,TCP/IP,0.81,0.75-0.85,255,2024+live,NARROWER,SAME,NARROWER,SATISFIES,SATISFIES,SATISFIES,RELATED,0.219,0.731,0.049
359,Requirements traceability,Traceability Management,0.752,0.75-0.85,255,live,NARROWER,SAME,SAME,SATISFIES,SATISFIES,SATISFIES,RELATED,0.161,0.784,0.056
360,RNN modeling,Telecom Protocols,0.255,<0.55,1463272,2024,DIFFERENT,DIFFERENT,DIFFERENT,NOT,NOT,NOT,NOT,0.298,0.053,0.648
361,Continuous quality improvement,Quality Management,0.716,0.65-0.75,784,2024,NARROWER,NARROWER,NARROWER,SATISFIES,SATISFIES,SATISFIES,RELATED,0.261,0.614,0.125
362,Factory pattern,Agile Transformation,0.136,<0.55,1463272,2024,DIFFERENT,DIFFERENT,DIFFERENT,NOT,NOT,NOT,NOT,0.148,0.064,0.788
363,Business model development,Business Process Modeling,0.649,0.55-0.65,2292,2024+live,DIFFERENT,RELATED,RELATED,,RELATED,RELATED,RELATED,0.154,0.76,0.085
364,human-centred design,User-Centered Design,0.766,0.75-0.85,255,2024,SAME,SAME,SAME,SATISFIES,SATISFIES,SATISFIES,RELATED,0.294,0.644,0.062
365,Responsive design,Responsive UI Design,0.881,0.85+,69,2024,SAME,SAME,SAME,SATISFIES,SATISFIES,SATISFIES,RELATED,0.232,0.714,0.054
366,Software architecture design,Solution Architecture,0.721,0.65-0.75,784,2024+live,RELATED,NARROWER,RELATED,,RELATED,SATISFIES,RELATED,0.181,0.761,0.058
367,maintainable architecture design,Architecture Roadmapping,0.599,0.55-0.65,2292,2024,RELATED,RELATED,RELATED,RELATED,RELATED,NOT,RELATED,0.181,0.767,0.052
368,critical analysis,Critical Path Analysis,0.695,0.65-0.75,784,2024,DIFFERENT,DIFFERENT,DIFFERENT,NOT,NOT,RELATED,RELATED,0.284,0.652,0.064
369,Android development,Android APK Development,0.795,0.75-0.85,255,2024,SAME,BROADER,BROADER,,RELATED,SATISFIES,RELATED,0.157,0.764,0.078
370,Network topology identification,Network Topology Design,0.745,0.65-0.75,784,2024,RELATED,BROADER,RELATED,RELATED,RELATED,SATISFIES,RELATED,0.249,0.696,0.055
371,Innovation management,Code Standards,0.113,<0.55,1463272,2024,DIFFERENT,DIFFERENT,DIFFERENT,NOT,NOT,NOT,NOT,0.144,0.064,0.792
372,knowledge representation,Knowledge Graph Memory,0.625,0.55-0.65,2292,live,RELATED,BROADER,BROADER,RELATED,RELATED,RELATED,RELATED,0.406,0.52,0.075
373,Use case modeling,Test Case Documentation,0.551,0.55-0.65,2292,2024,DIFFERENT,RELATED,RELATED,,RELATED,NOT,RELATED,0.181,0.762,0.057
374,intelligent agents,UAT Coordination,0.245,<0.55,1463272,2024+live,DIFFERENT,DIFFERENT,DIFFERENT,NOT,NOT,NOT,NOT,0.43,0.058,0.512
375,Business model canvas,Business Modeling,0.771,0.75-0.85,255,2024,NARROWER,NARROWER,NARROWER,SATISFIES,SATISFIES,SATISFIES,RELATED,0.34,0.356,0.304
376,cloud-native architecture,AWS cloud,0.567,0.55-0.65,2292,2024+live,RELATED,RELATED,RELATED,RELATED,RELATED,NOT,RELATED,0.231,0.72,0.049
377,UX research,UX Research Methods,0.873,0.85+,69,live,SAME,RELATED,BROADER,,RELATED,SATISFIES,RELATED,0.252,0.692,0.056
378,Product idea development,Product Management,0.616,0.55-0.65,2292,2024,RELATED,NARROWER,NARROWER,,SATISFIES,RELATED,RELATED,0.239,0.448,0.312
379,data flow diagrams,Workflow Diagramming,0.714,0.65-0.75,784,2024,RELATED,RELATED,RELATED,RELATED,RELATED,SATISFIES,RELATED,0.163,0.776,0.061
380,middleware integration,Middleware Administration,0.8,0.75-0.85,255,2024,RELATED,RELATED,RELATED,RELATED,RELATED,SATISFIES,NOT,0.289,0.159,0.553
381,Network troubleshooting,LAN/WAN Troubleshooting,0.756,0.75-0.85,255,2024,SAME,SAME,SAME,SATISFIES,SATISFIES,SATISFIES,RELATED,0.181,0.771,0.048
382,Agile methodology,Agile Transformation,0.756,0.75-0.85,255,2024,RELATED,BROADER,BROADER,RELATED,RELATED,SATISFIES,RELATED,0.186,0.756,0.058
383,Product idea development,Product development,0.857,0.85+,69,2024,RELATED,BROADER,NARROWER,,RELATED,SATISFIES,RELATED,0.222,0.727,0.051
384,Pandas usage,Pandas (Python),0.861,0.85+,69,2024,SAME,SAME,SAME,SATISFIES,SATISFIES,SATISFIES,RELATED,0.307,0.634,0.059
385,Microservices implementation,Microservices Kafka,0.728,0.65-0.75,784,2024,BROADER,BROADER,BROADER,RELATED,RELATED,SATISFIES,RELATED,0.388,0.536,0.076
386,design thinking,Instructional Design,0.572,0.55-0.65,2292,2024,DIFFERENT,DIFFERENT,RELATED,,NOT,NOT,RELATED,0.221,0.587,0.191
387,CSS styling,CSS3 Styling,0.843,0.75-0.85,255,2024,SAME,BROADER,SAME,,SATISFIES,SATISFIES,RELATED,0.34,0.58,0.08
388,Integration testing,Testing & Evaluation,0.592,0.55-0.65,2292,2024,NARROWER,NARROWER,NARROWER,SATISFIES,SATISFIES,NOT,RELATED,0.185,0.767,0.049
389,inheritance,iBATIS,0.087,<0.55,1463272,2024,DIFFERENT,DIFFERENT,DIFFERENT,NOT,NOT,NOT,SATISFIES,0.507,0.061,0.432
390,human-centred design,User-Centric Design,0.571,0.55-0.65,2292,2024,SAME,SAME,SAME,SATISFIES,SATISFIES,NOT,RELATED,0.352,0.5,0.148
391,ERP systems,ERP Management,0.839,0.75-0.85,255,2024,RELATED,BROADER,SAME,,RELATED,SATISFIES,RELATED,0.321,0.621,0.057
392,Jakarta EE development,SAP Fiori Order Management,0.162,<0.55,1463272,live,DIFFERENT,DIFFERENT,DIFFERENT,NOT,NOT,NOT,NOT,0.157,0.058,0.785
393,Unit testing,Unit integration testing,0.795,0.75-0.85,255,2024,RELATED,BROADER,NARROWER,,RELATED,SATISFIES,RELATED,0.199,0.751,0.05
394,DevOps practices,DevOps Engineering,0.836,0.75-0.85,255,2024,NARROWER,BROADER,SAME,,SATISFIES,SATISFIES,RELATED,0.177,0.775,0.048
395,Agile methodology,Agile Activate Methodology,0.804,0.75-0.85,255,2024,BROADER,BROADER,BROADER,RELATED,RELATED,SATISFIES,RELATED,0.16,0.772,0.068
396,Performance testing,Testing Strategies,0.68,0.65-0.75,784,2024,RELATED,NARROWER,NARROWER,,SATISFIES,RELATED,RELATED,0.165,0.786,0.049
397,deadlock prevention,JSON Parsing,-0.026,<0.55,1463272,2024,DIFFERENT,DIFFERENT,DIFFERENT,NOT,NOT,NOT,NOT,0.213,0.124,0.663
398,Multithreading,Java multithreading,0.899,0.85+,69,2024,BROADER,BROADER,BROADER,RELATED,RELATED,SATISFIES,RELATED,0.202,0.748,0.05
399,Web accessibility,Accessibility compliance,0.757,0.75-0.85,255,live,NARROWER,NARROWER,SAME,SATISFIES,SATISFIES,SATISFIES,RELATED,0.253,0.678,0.07
400,data collection,Data tracking,0.563,0.55-0.65,2292,2024,RELATED,BROADER,RELATED,RELATED,RELATED,NOT,RELATED,0.24,0.705,0.055
