id,a,b,cosine,band,band_population,job_source,label_claude,label_gpt_oss,label_qwen,label3_unanimous,label3_majority,cosine_pred,model_pred,p_satisfies,p_related,p_not,p_satisfies_baseline
1,intelligent agents,Agents,0.781,0.75-0.85,104,live,SAME,NARROWER,SAME,SATISFIES,SATISFIES,SATISFIES,SATISFIES,0.981,0.018,0.0,0.999
2,full-stack development,Full stack web development,0.822,0.75-0.85,104,live,SAME,BROADER,SAME,,SATISFIES,SATISFIES,SATISFIES,0.516,0.482,0.002,0.983
3,ERP systems,Procurement ERP,0.673,0.65-0.75,575,2024,BROADER,BROADER,BROADER,RELATED,RELATED,RELATED,RELATED,0.031,0.962,0.007,0.163
4,Software project management,IT Project Management,0.787,0.75-0.85,104,2024+live,NARROWER,NARROWER,SAME,SATISFIES,SATISFIES,SATISFIES,SATISFIES,0.825,0.174,0.0,0.096
5,transaction management,Transactional data,0.707,0.65-0.75,575,2024,RELATED,RELATED,DIFFERENT,,RELATED,SATISFIES,RELATED,0.269,0.729,0.002,0.154
6,System monitoring,Log Monitoring,0.676,0.65-0.75,575,2024,BROADER,BROADER,BROADER,RELATED,RELATED,RELATED,RELATED,0.128,0.87,0.002,0.0
7,software development,AI-assisted software development,0.677,0.65-0.75,575,live,BROADER,BROADER,BROADER,RELATED,RELATED,RELATED,RELATED,0.019,0.848,0.133,0.0
8,mathematical optimisation,System Optimization,0.717,0.65-0.75,575,2024,DIFFERENT,RELATED,DIFFERENT,,NOT,SATISFIES,SATISFIES,0.629,0.338,0.033,0.366
9,Docker containers,Container technologies,0.717,0.65-0.75,575,live,NARROWER,NARROWER,NARROWER,SATISFIES,SATISFIES,SATISFIES,SATISFIES,0.999,0.001,0.0,0.999
10,Software quality metrics,Quality metrics reporting,0.744,0.65-0.75,575,2024,RELATED,BROADER,RELATED,RELATED,RELATED,SATISFIES,SATISFIES,0.939,0.061,0.0,0.791
11,scalable architecture design,Integration Architecture Design,0.617,0.55-0.65,2016,2024,RELATED,RELATED,RELATED,RELATED,RELATED,RELATED,RELATED,0.038,0.844,0.118,0.084
12,Requirements traceability,Requirements Specification,0.679,0.65-0.75,575,2024,RELATED,RELATED,RELATED,RELATED,RELATED,RELATED,SATISFIES,0.531,0.468,0.001,0.999
13,scalable architecture design,Product development,0.221,<0.55,1467686,2024,DIFFERENT,RELATED,RELATED,,RELATED,NOT,NOT,0.049,0.426,0.525,0.001
14,System testing,Component testing,0.654,0.65-0.75,575,2024,RELATED,BROADER,BROADER,RELATED,RELATED,RELATED,RELATED,0.037,0.959,0.005,0.002
15,authentication implementation,mobile authentication,0.672,0.65-0.75,575,live,BROADER,BROADER,BROADER,RELATED,RELATED,RELATED,RELATED,0.011,0.985,0.004,0.001
16,project scheduling,IT Project Planning,0.584,0.55-0.65,2016,2024,RELATED,BROADER,RELATED,RELATED,RELATED,NOT,SATISFIES,0.543,0.456,0.001,0.013
17,Communication,Team communication,0.763,0.75-0.85,104,2024,BROADER,BROADER,BROADER,RELATED,RELATED,SATISFIES,RELATED,0.115,0.883,0.002,0.001
18,CSS styling,CSS System,0.789,0.75-0.85,104,live,RELATED,RELATED,BROADER,RELATED,RELATED,SATISFIES,SATISFIES,0.848,0.151,0.0,0.98
19,middleware integration,Integration Tools,0.562,0.55-0.65,2016,2024+live,RELATED,NARROWER,RELATED,,RELATED,NOT,SATISFIES,0.902,0.098,0.001,0.965
20,database normalisation,database queries,0.564,0.55-0.65,2016,live,RELATED,RELATED,DIFFERENT,,RELATED,NOT,SATISFIES,0.861,0.133,0.006,0.117
21,Software architecture design,Enterprise Architecture Collaboration,0.551,0.55-0.65,2016,2024,RELATED,RELATED,RELATED,RELATED,RELATED,NOT,RELATED,0.023,0.574,0.403,0.0
22,concurrency fundamentals,Concurrency patterns,0.815,0.75-0.85,104,2024,RELATED,BROADER,BROADER,RELATED,RELATED,SATISFIES,SATISFIES,0.91,0.089,0.0,0.734
23,Requirements analysis,Application Analysis,0.608,0.55-0.65,2016,2024,RELATED,RELATED,RELATED,RELATED,RELATED,RELATED,RELATED,0.283,0.715,0.002,0.256
24,relational database implementation,Database schema design,0.711,0.65-0.75,575,2024,RELATED,RELATED,RELATED,RELATED,RELATED,SATISFIES,RELATED,0.14,0.859,0.001,0.011
25,Advanced Java programming,Java,0.782,0.75-0.85,104,2024+live,NARROWER,NARROWER,NARROWER,SATISFIES,SATISFIES,SATISFIES,SATISFIES,0.988,0.012,0.0,0.999
26,team leadership,Team administration,0.755,0.75-0.85,104,live,RELATED,RELATED,RELATED,RELATED,RELATED,SATISFIES,RELATED,0.285,0.711,0.004,0.01
27,software development,IT Project Planning,0.566,0.55-0.65,2016,2024,DIFFERENT,RELATED,RELATED,,RELATED,NOT,RELATED,0.04,0.871,0.089,0.0
28,Enterprise Java development,Java SE,0.68,0.65-0.75,575,2024,NARROWER,NARROWER,NARROWER,SATISFIES,SATISFIES,RELATED,RELATED,0.341,0.651,0.008,0.004
29,Software project management,Software Management,0.837,0.75-0.85,104,2024,RELATED,NARROWER,RELATED,,RELATED,SATISFIES,SATISFIES,0.685,0.305,0.01,0.999
30,Product idea development,AI product development,0.743,0.65-0.75,575,live,RELATED,BROADER,RELATED,RELATED,RELATED,SATISFIES,RELATED,0.035,0.826,0.14,0.0
31,Requirements analysis,Requirements Specification,0.835,0.75-0.85,104,2024,RELATED,BROADER,RELATED,RELATED,RELATED,SATISFIES,SATISFIES,0.607,0.393,0.0,0.742
32,Integration testing,Interface testing,0.656,0.65-0.75,575,live,RELATED,RELATED,RELATED,RELATED,RELATED,RELATED,RELATED,0.211,0.788,0.001,0.998
33,Microservices implementation,Service Oriented Architecture,0.577,0.55-0.65,2016,2024,RELATED,RELATED,RELATED,RELATED,RELATED,NOT,RELATED,0.236,0.754,0.01,0.0
34,Searching techniques,retrieval optimization,0.658,0.65-0.75,575,live,RELATED,RELATED,RELATED,RELATED,RELATED,RELATED,RELATED,0.027,0.971,0.002,0.001
35,microservices deployment,Microservices Design,0.736,0.65-0.75,575,2024,RELATED,RELATED,RELATED,RELATED,RELATED,SATISFIES,RELATED,0.15,0.844,0.006,0.083
36,requirements gathering,Requirement Tracking,0.753,0.75-0.85,104,2024,RELATED,RELATED,RELATED,RELATED,RELATED,SATISFIES,SATISFIES,0.742,0.258,0.0,0.01
37,Market validation,Model validation,0.616,0.55-0.65,2016,live,DIFFERENT,DIFFERENT,DIFFERENT,NOT,NOT,RELATED,NOT,0.071,0.243,0.686,0.288
38,file system administration,Data Storage Management,0.581,0.55-0.65,2016,2024,RELATED,NARROWER,RELATED,,RELATED,NOT,SATISFIES,0.554,0.445,0.001,0.001
39,Performance testing,Performance testing support,0.845,0.75-0.85,104,live,SAME,NARROWER,SAME,SATISFIES,SATISFIES,SATISFIES,RELATED,0.084,0.913,0.004,0.009
40,usability testing,E-commerce Order Processing,0.193,<0.55,1467686,2024,DIFFERENT,DIFFERENT,DIFFERENT,NOT,NOT,NOT,NOT,0.001,0.043,0.956,0.0
41,abstraction,Copier maintenance,0.153,<0.55,1467686,2024,DIFFERENT,DIFFERENT,DIFFERENT,NOT,NOT,NOT,NOT,0.0,0.001,0.999,0.0
42,software evaluation,Evaluation,0.753,0.75-0.85,104,live,NARROWER,NARROWER,BROADER,,SATISFIES,SATISFIES,SATISFIES,0.975,0.025,0.0,0.997
43,Quality assurance,Software Quality Assurance,0.841,0.75-0.85,104,2024+live,BROADER,BROADER,SAME,,RELATED,SATISFIES,RELATED,0.193,0.806,0.002,0.137
44,function implementation,Function calling,0.673,0.65-0.75,575,live,RELATED,NARROWER,DIFFERENT,,,RELATED,RELATED,0.45,0.548,0.002,0.858
45,data collection,Data Collection Automation,0.763,0.75-0.85,104,2024,BROADER,BROADER,BROADER,RELATED,RELATED,SATISFIES,RELATED,0.04,0.956,0.003,0.019
46,Web accessibility,Accessibility,0.839,0.75-0.85,104,2024+live,NARROWER,NARROWER,NARROWER,SATISFIES,SATISFIES,SATISFIES,SATISFIES,0.958,0.041,0.001,1.0
47,usability testing,Exploratory Testing,0.58,0.55-0.65,2016,2024,RELATED,RELATED,RELATED,RELATED,RELATED,NOT,RELATED,0.029,0.732,0.239,0.064
48,enterprise application architecture,Enterprise Development,0.617,0.55-0.65,2016,2024,RELATED,NARROWER,NARROWER,,SATISFIES,RELATED,SATISFIES,0.647,0.35,0.003,0.902
49,Requirements analysis,Functional Requirements,0.672,0.65-0.75,575,2024+live,RELATED,NARROWER,BROADER,,RELATED,RELATED,SATISFIES,0.534,0.466,0.001,0.016
50,Android development,Laptop hardware support,0.211,<0.55,1467686,2024,DIFFERENT,DIFFERENT,DIFFERENT,NOT,NOT,NOT,NOT,0.0,0.0,1.0,0.0
51,IP addressing,IP Configuration,0.765,0.75-0.85,104,2024,RELATED,SAME,SAME,,SATISFIES,SATISFIES,RELATED,0.159,0.836,0.005,0.137
52,Requirements validation,Requirements analysis,0.71,0.65-0.75,575,2024+live,RELATED,RELATED,RELATED,RELATED,RELATED,SATISFIES,RELATED,0.226,0.773,0.001,0.53
53,DevOps practices,DevOps collaboration,0.815,0.75-0.85,104,2024,BROADER,NARROWER,SAME,,SATISFIES,SATISFIES,RELATED,0.128,0.87,0.002,0.013
54,AI problem solving,AI governance,0.554,0.55-0.65,2016,live,DIFFERENT,RELATED,DIFFERENT,,NOT,NOT,RELATED,0.03,0.62,0.35,0.001
55,System testing,Test systems operation,0.807,0.75-0.85,104,live,DIFFERENT,RELATED,RELATED,,RELATED,SATISFIES,SATISFIES,0.717,0.283,0.001,0.701
56,intelligent agents,AI prompt engineering,0.57,0.55-0.65,2016,live,RELATED,RELATED,DIFFERENT,,RELATED,NOT,NOT,0.015,0.305,0.68,0.009
57,Java programming,Android Java,0.684,0.65-0.75,575,2024,BROADER,BROADER,BROADER,RELATED,RELATED,RELATED,RELATED,0.058,0.941,0.001,0.0
58,relational database design,Database best practices,0.636,0.55-0.65,2016,live,RELATED,NARROWER,NARROWER,,SATISFIES,RELATED,RELATED,0.377,0.622,0.002,0.002
59,ERP systems,ERP Process Mapping,0.695,0.65-0.75,575,2024,RELATED,BROADER,BROADER,RELATED,RELATED,RELATED,RELATED,0.068,0.84,0.092,0.001
60,Design pattern application,Design Pattern Documentation,0.794,0.75-0.85,104,2024,RELATED,RELATED,RELATED,RELATED,RELATED,SATISFIES,RELATED,0.079,0.887,0.034,0.01
61,Front-end development,Front-end Customization,0.681,0.65-0.75,575,2024,BROADER,BROADER,BROADER,RELATED,RELATED,RELATED,RELATED,0.382,0.617,0.001,0.002
62,Use case modeling,Use Case Development,0.808,0.75-0.85,104,2024,SAME,SAME,SAME,SATISFIES,SATISFIES,SATISFIES,RELATED,0.356,0.641,0.002,0.538
63,system-level programming,Programming Knowledge,0.641,0.55-0.65,2016,2024,NARROWER,NARROWER,NARROWER,SATISFIES,SATISFIES,RELATED,SATISFIES,0.883,0.108,0.009,0.017
64,software project planning,Project Estimation,0.669,0.65-0.75,575,2024,RELATED,NARROWER,NARROWER,,SATISFIES,RELATED,RELATED,0.211,0.787,0.002,0.0
65,usability testing,Statistical Testing,0.564,0.55-0.65,2016,2024,DIFFERENT,RELATED,DIFFERENT,,NOT,NOT,NOT,0.008,0.219,0.773,0.159
66,Acceptance testing,Site testing,0.593,0.55-0.65,2016,2024,RELATED,RELATED,DIFFERENT,,RELATED,NOT,RELATED,0.202,0.654,0.144,0.453
67,Business model development,Model management,0.684,0.65-0.75,575,live,DIFFERENT,RELATED,DIFFERENT,,NOT,RELATED,SATISFIES,0.508,0.487,0.005,0.219
68,list manipulation,IPVPN Services,-0.018,<0.55,1467686,2024,DIFFERENT,DIFFERENT,DIFFERENT,NOT,NOT,NOT,NOT,0.0,0.0,0.999,0.0
69,Enterprise Java development,Java for ABAP,0.567,0.55-0.65,2016,2024,RELATED,RELATED,DIFFERENT,,RELATED,NOT,RELATED,0.016,0.976,0.008,0.0
70,Unit testing,Regression testing,0.638,0.55-0.65,2016,2024+live,RELATED,RELATED,RELATED,RELATED,RELATED,RELATED,RELATED,0.005,0.988,0.007,0.0
71,set theory,ROS actions,0.063,<0.55,1467686,live,DIFFERENT,DIFFERENT,DIFFERENT,NOT,NOT,NOT,NOT,0.039,0.123,0.838,0.001
72,HTML markup,Network Security Configuration,0.015,<0.55,1467686,2024,DIFFERENT,DIFFERENT,DIFFERENT,NOT,NOT,NOT,NOT,0.0,0.002,0.998,0.0
73,relational database implementation,Relational SQL,0.773,0.75-0.85,104,2024,RELATED,NARROWER,NARROWER,,SATISFIES,SATISFIES,SATISFIES,0.858,0.142,0.0,0.999
74,polymorphism,STLC Test Management,-0.034,<0.55,1467686,2024,DIFFERENT,DIFFERENT,DIFFERENT,NOT,NOT,NOT,NOT,0.0,0.01,0.99,0.0
75,process management,Process Control Systems,0.762,0.75-0.85,104,2024,DIFFERENT,RELATED,DIFFERENT,,NOT,SATISFIES,RELATED,0.189,0.802,0.009,0.016
76,Sprint planning,Trade Processing,0.196,<0.55,1467686,2024,DIFFERENT,DIFFERENT,DIFFERENT,NOT,NOT,NOT,NOT,0.0,0.001,0.999,0.0
77,layered architecture,Architectural modeling,0.64,0.55-0.65,2016,2024,RELATED,RELATED,RELATED,RELATED,RELATED,RELATED,SATISFIES,0.82,0.163,0.016,0.007
78,mathematical optimisation,Model optimisation,0.693,0.65-0.75,575,live,RELATED,RELATED,RELATED,RELATED,RELATED,RELATED,RELATED,0.168,0.799,0.033,0.003
79,analytical thinking,Analytical problem solving,0.578,0.55-0.65,2016,2024,RELATED,SAME,SAME,,SATISFIES,NOT,RELATED,0.103,0.896,0.001,0.003
80,Requirements traceability,Requirements analysis,0.731,0.65-0.75,575,2024+live,RELATED,RELATED,RELATED,RELATED,RELATED,SATISFIES,RELATED,0.277,0.722,0.001,0.999
81,entity-relationship modelling,Product Modeling,0.559,0.55-0.65,2016,2024,DIFFERENT,DIFFERENT,RELATED,,NOT,NOT,RELATED,0.112,0.55,0.338,0.998
82,System monitoring,System automation,0.571,0.55-0.65,2016,2024,RELATED,RELATED,RELATED,RELATED,RELATED,NOT,RELATED,0.035,0.876,0.089,0.036
83,system-level programming,Programmability,0.618,0.55-0.65,2016,live,RELATED,NARROWER,RELATED,,RELATED,RELATED,SATISFIES,0.806,0.178,0.017,0.757
84,software development,DApp development,0.577,0.55-0.65,2016,2024,BROADER,BROADER,BROADER,RELATED,RELATED,NOT,RELATED,0.008,0.989,0.004,0.001
85,Software project management,Project Risk Management,0.677,0.65-0.75,575,2024,BROADER,RELATED,BROADER,RELATED,RELATED,RELATED,RELATED,0.066,0.641,0.293,0.001
86,risk management,Financial risk mitigation,0.678,0.65-0.75,575,2024,RELATED,BROADER,BROADER,RELATED,RELATED,RELATED,RELATED,0.285,0.714,0.001,0.004
87,process management,Sales Process Management,0.754,0.75-0.85,104,2024,DIFFERENT,BROADER,BROADER,,RELATED,SATISFIES,RELATED,0.054,0.936,0.01,0.001
88,embedded computing,computer architecture,0.609,0.55-0.65,2016,live,RELATED,NARROWER,RELATED,,RELATED,RELATED,SATISFIES,0.966,0.028,0.006,0.056
89,process management,Process Coordination,0.744,0.65-0.75,575,2024,RELATED,BROADER,BROADER,RELATED,RELATED,SATISFIES,SATISFIES,0.542,0.456,0.001,0.074
90,big data storage,Block Storage,0.572,0.55-0.65,2016,2024,RELATED,RELATED,RELATED,RELATED,RELATED,NOT,RELATED,0.093,0.887,0.02,0.005
91,microservices architecture,Distributed systems architecture,0.559,0.55-0.65,2016,live,NARROWER,NARROWER,NARROWER,SATISFIES,SATISFIES,NOT,SATISFIES,0.99,0.01,0.0,0.006
92,Front-end development,Back-end software engineering,0.664,0.65-0.75,575,live,RELATED,RELATED,DIFFERENT,,RELATED,RELATED,RELATED,0.014,0.924,0.062,0.0
93,Enterprise Java development,Enterprise Systems,0.573,0.55-0.65,2016,2024,RELATED,NARROWER,NARROWER,,SATISFIES,NOT,NOT,0.347,0.293,0.36,0.996
94,distributed databases,Distributed systems,0.696,0.65-0.75,575,2024+live,NARROWER,NARROWER,NARROWER,SATISFIES,SATISFIES,RELATED,SATISFIES,0.931,0.067,0.001,1.0
95,Design patterns,Design processes,0.652,0.65-0.75,575,live,DIFFERENT,RELATED,RELATED,,RELATED,RELATED,RELATED,0.101,0.794,0.105,0.525
96,Android development,Android Architecture,0.74,0.65-0.75,575,2024,RELATED,BROADER,BROADER,RELATED,RELATED,SATISFIES,RELATED,0.259,0.738,0.003,0.001
97,Quality assurance,Quality metrics reporting,0.562,0.55-0.65,2016,2024,RELATED,BROADER,BROADER,RELATED,RELATED,NOT,RELATED,0.037,0.902,0.061,0.002
98,Teamwork,Cross-functional teamwork,0.659,0.65-0.75,575,live,BROADER,BROADER,BROADER,RELATED,RELATED,RELATED,RELATED,0.164,0.835,0.001,0.005
99,middleware integration,Middleware Configuration,0.84,0.75-0.85,104,2024,RELATED,RELATED,RELATED,RELATED,RELATED,SATISFIES,RELATED,0.113,0.885,0.001,0.993
100,Unit testing,UI Testing,0.671,0.65-0.75,575,2024,RELATED,RELATED,RELATED,RELATED,RELATED,RELATED,RELATED,0.009,0.54,0.452,0.001
101,intelligent agents,AI Agent platforms,0.757,0.75-0.85,104,live,RELATED,BROADER,NARROWER,,RELATED,SATISFIES,RELATED,0.159,0.84,0.001,0.148
102,risk management,Technical Risk Management,0.806,0.75-0.85,104,2024,BROADER,BROADER,BROADER,RELATED,RELATED,SATISFIES,RELATED,0.06,0.938,0.002,0.001
103,software evaluation,Infrastructure Evaluation,0.571,0.55-0.65,2016,2024,RELATED,DIFFERENT,RELATED,,RELATED,NOT,NOT,0.03,0.396,0.575,0.0
104,Business model development,Import Documentation,0.115,<0.55,1467686,2024,DIFFERENT,DIFFERENT,DIFFERENT,NOT,NOT,NOT,NOT,0.003,0.137,0.861,0.0
105,graph theory,Multi-threaded Programming,0.185,<0.55,1467686,2024,DIFFERENT,DIFFERENT,DIFFERENT,NOT,NOT,NOT,NOT,0.0,0.004,0.996,0.0
106,computer architecture,N-tier Architecture,0.593,0.55-0.65,2016,2024,RELATED,DIFFERENT,RELATED,,RELATED,NOT,NOT,0.013,0.443,0.544,0.0
107,Pitch development,Fortinet,0.051,<0.55,1467686,2024+live,DIFFERENT,DIFFERENT,DIFFERENT,NOT,NOT,NOT,NOT,0.0,0.003,0.997,0.0
108,backpropagation,Security SIEM,0.082,<0.55,1467686,2024,DIFFERENT,DIFFERENT,DIFFERENT,NOT,NOT,NOT,NOT,0.014,0.134,0.852,0.002
109,team leadership,Role Management,0.562,0.55-0.65,2016,2024,DIFFERENT,DIFFERENT,DIFFERENT,NOT,NOT,NOT,RELATED,0.155,0.581,0.264,0.005
110,Deploying blockchain solutions,Global Deployment,0.559,0.55-0.65,2016,2024,DIFFERENT,NARROWER,RELATED,,,NOT,NOT,0.081,0.209,0.71,0.0
111,project management,Digital Project Management,0.808,0.75-0.85,104,2024,BROADER,BROADER,BROADER,RELATED,RELATED,SATISFIES,RELATED,0.112,0.886,0.002,0.001
112,layered architecture,Data-layer architecture,0.76,0.75-0.85,104,live,RELATED,BROADER,BROADER,RELATED,RELATED,SATISFIES,RELATED,0.174,0.824,0.002,0.982
113,cloud-native architecture,Cloud optimisation,0.604,0.55-0.65,2016,live,RELATED,RELATED,RELATED,RELATED,RELATED,RELATED,RELATED,0.281,0.715,0.005,0.628
114,UX research,User Research,0.669,0.65-0.75,575,2024,SAME,NARROWER,SAME,SATISFIES,SATISFIES,RELATED,SATISFIES,0.989,0.011,0.0,0.999
115,ERP systems,Enterprise Systems,0.831,0.75-0.85,104,2024,NARROWER,NARROWER,NARROWER,SATISFIES,SATISFIES,SATISFIES,SATISFIES,0.889,0.101,0.01,0.996
116,risk management,Cyber Risk Management,0.709,0.65-0.75,575,2024,BROADER,BROADER,BROADER,RELATED,RELATED,SATISFIES,RELATED,0.039,0.959,0.002,0.184
117,entity-relationship modelling,Database schema design,0.565,0.55-0.65,2016,2024,RELATED,NARROWER,NARROWER,,SATISFIES,NOT,RELATED,0.233,0.767,0.001,0.701
118,cloud-native architecture,Cloud Security Architecture,0.62,0.55-0.65,2016,2024+live,RELATED,RELATED,RELATED,RELATED,RELATED,RELATED,RELATED,0.064,0.715,0.221,0.26
119,requirements gathering,Requirements Elicitation,0.773,0.75-0.85,104,2024+live,SAME,SAME,SAME,SATISFIES,SATISFIES,SATISFIES,RELATED,0.426,0.573,0.001,0.002
120,basic object-oriented programming,Object Oriented ABAP,0.669,0.65-0.75,575,2024,BROADER,BROADER,BROADER,RELATED,RELATED,RELATED,RELATED,0.008,0.982,0.01,0.14
121,Responsive design,Responsive UI/UX,0.814,0.75-0.85,104,2024,SAME,NARROWER,NARROWER,SATISFIES,SATISFIES,SATISFIES,SATISFIES,0.713,0.286,0.001,0.006
122,software design,Pricing procedures,0.242,<0.55,1467686,live,DIFFERENT,DIFFERENT,DIFFERENT,NOT,NOT,NOT,NOT,0.0,0.0,1.0,0.0
123,mathematical optimisation,Conversion optimization,0.6,0.55-0.65,2016,live,DIFFERENT,RELATED,DIFFERENT,,NOT,RELATED,RELATED,0.278,0.678,0.043,0.003
124,project management,Project Portfolio Management,0.801,0.75-0.85,104,2024,RELATED,BROADER,BROADER,RELATED,RELATED,SATISFIES,RELATED,0.066,0.931,0.003,0.001
125,UX research,Quantitative research,0.617,0.55-0.65,2016,2024,RELATED,RELATED,BROADER,RELATED,RELATED,RELATED,NOT,0.004,0.104,0.892,0.455
126,Front-end development,Web Front-End,0.666,0.65-0.75,575,2024,SAME,NARROWER,SAME,SATISFIES,SATISFIES,RELATED,SATISFIES,0.795,0.204,0.001,0.0
127,Design pattern application,Software Design Patterns,0.814,0.75-0.85,104,2024,SAME,SAME,SAME,SATISFIES,SATISFIES,SATISFIES,SATISFIES,0.756,0.243,0.001,0.999
128,System testing,Testing execution,0.757,0.75-0.85,104,live,NARROWER,NARROWER,NARROWER,SATISFIES,SATISFIES,SATISFIES,SATISFIES,0.85,0.15,0.0,0.004
129,basic object-oriented programming,gRPC protocol,0.195,<0.55,1467686,2024,DIFFERENT,DIFFERENT,DIFFERENT,NOT,NOT,NOT,NOT,0.002,0.038,0.96,0.0
130,project scheduling,Project Engineering,0.666,0.65-0.75,575,2024,DIFFERENT,BROADER,NARROWER,,,RELATED,RELATED,0.13,0.79,0.079,0.036
131,cloud security,Azure Security,0.67,0.65-0.75,575,2024+live,BROADER,BROADER,BROADER,RELATED,RELATED,RELATED,RELATED,0.009,0.99,0.001,0.009
132,Integration testing,System Integration Testing (SIT),0.715,0.65-0.75,575,live,SAME,BROADER,SAME,,SATISFIES,SATISFIES,SATISFIES,0.731,0.268,0.0,0.379
133,project scheduling,Project Builder,0.652,0.65-0.75,575,live,DIFFERENT,DIFFERENT,DIFFERENT,NOT,NOT,RELATED,RELATED,0.05,0.897,0.054,0.003
134,Stack usage,Full-stack development,0.679,0.65-0.75,575,2024+live,DIFFERENT,BROADER,BROADER,,RELATED,RELATED,RELATED,0.193,0.802,0.005,0.001
135,Unit testing,Parallel Testing,0.667,0.65-0.75,575,2024,RELATED,RELATED,RELATED,RELATED,RELATED,RELATED,RELATED,0.004,0.847,0.149,0.001
